개방시설명,개방장소명,개방시설유형구분,휴관일,평일운영시작시각,평일운영종료시각,주말운영시작시각,주말운영종료시각,유료사용여부,사용기준시간,사용료,초과사용단위시간,초과사용료,수용가능인원수,면적,부대시설정보,신청방법구분,시설사진정보,소재지도로명주소,소재지지번주소,관리기관명,담당부서명,사용안내전화번호,홈페이지주소,위도,경도,데이터기준일자,분류
보은국민체육센터,보은국민체육센터,체육관,"1월 1일, 설날 ,추석(연휴포함)",5:00,22:00,5:00,22:00,Y,17,100000,,,1000,1205,"방송실,체육시설,",방문.전화,,충청북도 보은군 보은읍군청길 38-1,충청북도 보은군 이평리 45-6,충청북도 보은군청,스포츠산업과,043-540-3742,www.boeun.go.kr/sports/contents.do?key=1393,36.48750901,127.7297458,2021-03-23,보은군
보은국민체육센터수영장,보은국민체육센터,체육관,"매주 월요일, 1월 1일, 설날 ,추석(연휴포함)",9:00,21:00,9:00,18:00,Y,17,3000,,,90,927,"찜질방, 샤워실",방문.전화,,충청북도 보은군 보은읍군청길 38-1,충청북도 보은군 이평리 45-6,충청북도 보은군청,스포츠산업과,043-540-3742,www.boeun.go.kr/sports/contents.do?key=1393,36.48750899,127.7297486,2021-03-23,보은군
보은국민체육센터헬스장,보은국민체육센터,체육관,"매주 월요일, 1월 1일, 설날 ,추석(연휴포함)",7:00,22:00,9:00,18:00,Y,17,2500,,,30,320,헬스기구 60여종,방문.전화,,충청북도 보은군 보은읍군청길 38-1,충청북도 보은군 이평리 45-6,충청북도 보은군청,스포츠산업과,043-540-3742,www.boeun.go.kr/sports/contents.do?key=1393,36.4875157,127.729757,2021-03-23,보은군
보은공설운동장,보은공설운동장,다목적경기장,"1월 1일, 설날 ,추석(연휴포함)",5:00,22:00,5:00,22:00,Y,3,120000,60,0.2,5000,34643,"조명, 방송실,샤워실",방문.전화,,충청북도 보은군 보은읍군청길 40,충청북도 보은군 이평리 45,충청북도 보은군청,스포츠산업과,043-540-3742,www.boeun.go.kr/sports/contents.do?key=1394,36.48741054,127.7296388,2021-03-23,보은군
구병산천연잔디구장,마로면 적암리,축구장,"1월 1일, 설날 ,추석(연휴포함)",5:00,22:00,5:00,22:00,Y,3,120000,60,0.2,400,8250,"조명, 방송실,샤워실",방문.전화,,,충청북도 보은군 마로면 적암리 121,충청북도 보은군청,스포츠산업과,043-540-3742,www.boeun.go.kr/sports/contents.do?key=1398,36.4481504,127.8682134,2021-03-23,보은군
전천후보조육상경기장,보은군청,다목적경기장,"1월 1일, 설날 ,추석(연휴포함)",5:00,22:00,5:00,22:00,Y,3,20000,60,0.2,300,2672,조명,방문.전화,,충청북도 보은군 보은읍군청길 40,충청북도 보은군 이평리 45,충청북도 보은군청,스포츠산업과,043-540-3742,www.boeun.go.kr/sports/contents.do?key=1398,36.48615652,127.7291361,2021-03-23,보은군
생활체육공원,보은군청,축구장,"1월 1일, 설날 ,추석(연휴포함)",5:00,22:00,5:00,22:00,Y,3,40000,60,0.2,300,14150,"조명, 방송실",방문.전화,,충청북도 보은군 보은읍군청길 59-13,충청북도 보은군 보은읍 성주리 346,충청북도 보은군청,스포츠산업과,043-540-3742,www.boeun.go.kr/sports/contents.do?key=1395,36.48615883,127.7291277,2021-03-23,보은군
생활체육공원,보은군청,족구장,"1월 1일, 설날 ,추석(연휴포함)",5:00,22:00,5:00,22:00,N,3,,,,100,924,조명,방문.전화,,충청북도 보은군 보은읍군청길 59-13,충청북도 보은군 보은읍 성주리 346,충청북도 보은군청,스포츠산업과,043-540-3742,www.boeun.go.kr/sports/contents.do?key=1395,36.4861611,127.7291249,2021-03-23,보은군
생활체육공원,보은군청,풋살경기장,"1월 1일, 설날 ,추석(연휴포함)",5:00,22:00,5:00,22:00,Y,3,1000,60,0.2,30,924,조명,방문.전화,,충청북도 보은군 보은읍군청길 59-13,충청북도 보은군 보은읍 성주리 346,충청북도 보은군청,스포츠산업과,043-540-3742,www.boeun.go.kr/sports/contents.do?key=1395,36.4861521,127.7291221,2021-03-23,보은군
스포츠파크 육상경기장(축구장),스포츠파크,다목적경기장,"1월 1일, 설날 ,추석(연휴포함)",5:00,22:00,5:00,22:00,Y,3,120000,60,0.2,5000,,"조명, 방송실",방문.전화,,충청북도 보은군 보은읍 군청길 71,충청북도 보은군 보은읍 성주리 34,충청북도 보은군청,스포츠산업과,043-540-3742,www.boeun.go.kr/sports/contents.do?key=1717,36.4839425,127.7301559,2021-03-23,보은군
스포츠파크 야구장,스포츠파크,야구장,"1월 1일, 설날 ,추석(연휴포함)",5:00,22:00,5:00,22:00,Y,3,80000,60,0.2,1000,,"조명, 방송실",방문.전화,,충청북도 보은군 보은읍 군청길 71,충청북도 보은군 보은읍 성주리 34,충청북도 보은군청,스포츠산업과,043-540-3742,www.boeun.go.kr/sports/contents.do?key=1717,36.48531614,127.732091,2021-03-23,보은군
스포츠파크 야구장,스포츠파크,다목적경기장,"1월 1일, 설날 ,추석(연휴포함)",5:00,22:00,5:00,22:00,Y,3,80000,60,0.2,1000,,,방문.전화,,충청북도 보은군 보은읍 군청길 71,충청북도 보은군 보은읍 성주리 34,충청북도 보은군청,스포츠산업과,043-540-3742,www.boeun.go.kr/sports/contents.do?key=1717,36.48419001,127.7327779,2021-03-23,보은군
씨름연습장,스포츠파크,기타,"1월 1일, 설날 ,추석(연휴포함)",5:00,22:00,5:00,22:00,Y,3,,,,20,,조명,방문.전화,,충청북도 보은군 보은읍 군청길 71,충청북도 보은군 보은읍 이평리 244,충청북도 보은군청,스포츠산업과,043-540-3742,www.boeun.go.kr/sports/contents.do?key=1717,36.483111,127.729512,2021-03-23,보은군
실내연습장,스포츠파크,야구장,"1월 1일, 설날 ,추석(연휴포함)",5:00,22:00,5:00,22:00,Y,3,,,,60,,조명,방문.전화,,충청북도 보은군 보은읍 군청길 71,충청북도 보은군 보은읍 이평리 244,충청북도 보은군청,스포츠산업과,043-540-3742,www.boeun.go.kr/sports/contents.do?key=1717,36.482613,127.732411,2021-03-23,보은군
결초보은체육관,스포츠파크,체육관,"1월 1일, 설날 ,추석(연휴포함)",5:00,22:00,5:00,22:00,Y,17,100000,,,1000,,"방송실,체육시설,",방문.전화,,충청북도 보은군 보은읍 군청길 71,충청북도 보은군 보은읍 이평리 244,충청북도 보은군청,스포츠산업과,043-540-3742,www.boeun.go.kr/sports/contents.do?key=1717,36.452714,127.731212,2021-03-23,보은군
음성종합운동장,음성종합운동장,다목적경기장,법정공휴일 (행사시 개방),9:00,22:00,9:00,22:00,Y,13,"75,000",1,15000,7000,65030,"축구장, 밸로드롬 등","방문, 전화",,충청북도 음성군 음성읍 설성로 47,충청북도 음성군 음성읍 읍내리 470,충청북도 음성군청,시설관리사업소,043-871-5910,-,36.93151195,127.6866487,2021-03-18,음성군
음성실내체육관,음성실내체육관,체육관,법정공휴일 (행사시 개방),9:00,22:00,9:00,22:00,Y,13,"70,000",1,14000,1700,14300,,"방문, 전화",,충청북도 음성군 음성읍 설성로 47,충청북도 음성군 음성읍 읍내리 470,충청북도 음성군청,시설관리사업소,043-871-5911,-,36.93151195,127.6866487,2021-03-18,음성군
금왕생활체육공원,금왕생활체육공원,다목적경기장,법정공휴일 (행사시 개방),9:00,22:00,9:00,22:00,Y,13,"45,000",1,9000,7000,81623,"축구장, 농구장, 풋살장 등","방문, 전화",,충청북도 음성군 금왕읍 무극로 370,충청북도 음성군 금왕읍 금석리 98,충청북도 음성군청,시설관리사업소,043-871-5912,-,36.99372848,127.6042954,2021-03-18,음성군
대소국민체육센터,대소국민체육센터,체육관,법정공휴일 (행사시 개방),9:00,22:00,9:00,22:00,Y,13,"70,000",1,14000,1700,12740,,"방문, 전화",,충청북도 음성군 대소면 대성로 39,충청북도 음성군 대소면 태생리 399-2,충청북도 음성군청,시설관리사업소,043-871-5916,-,36.97358664,127.4872584,2021-03-18,음성군
대소생활체육공원,대소생활체육공원,다목적경기장,법정공휴일 (행사시 개방),9:00,22:00,9:00,22:00,Y,13,"70,000",1,14000,1700,33532,"축구장, 족구장, 테니스장 등","방문, 전화",,충청북도 음성군 대소면 대성로 43,충청북도 음성군 대소면 태생리 390,충청북도 음성군청,시설관리사업소,043-871-5915,-,36.97529467,127.4876659,2021-03-18,음성군
삼성생활체육공원,삼성생활체육공원,다목적경기장,법정공휴일 (행사시 개방),9:00,22:00,9:00,22:00,Y,13,"70,000",1,14000,1700,15817,"축구장, 테니스장, 풋살장 등","방문, 전화",,충청북도 음성군 삼성면 금일로 992-34,충청북도 음성군 삼성면 덕정리 497-4,충청북도 음성군청,시설관리사업소,043-871-5917,-,37.02363147,127.4915804,2021-03-18,음성군
소이소규모생활체육공원,소이소규모생활체육공원,다목적경기장,연중무휴,9:00,22:00,9:00,22:00,N,13,0,0,0,0,9138,"풋살장, 농구장 등",,,충청북도 음성군 소이면 한불로 544-7,충청북도 음성군 소이면 금고리 571,충청북도 음성군청,시설관리사업소,043-871-2483,-,36.91667683,127.7533396,2021-03-18,음성군
맹동소규모생활체육공원,맹동소규모생활체육공원,다목적경기장,연중무휴,9:00,22:00,9:00,22:00,N,13,0,0,0,0,7517,"족구장, 그라운드골프장 등",,,충청북도 음성군 맹동면 덕금로 352-15,충청북도 음성군 맹동면 쌍정리 248-10,충청북도 음성군청,시설관리사업소,043-871-2483,-,36.92380101,127.5594258,2021-03-18,음성군
감곡생활체육공원,감곡생활체육공원,다목적경기장,법정공휴일 (행사시 개방),9:00,22:00,9:00,22:00,Y,13,"70,000",1,14000,3000,50051,"축구장, 테니스장, 풋살장 등","방문, 전화",,충청북도 음성군 감곡면 오향리 633-2,충청북도 음성군 감곡면 오향리 320,충청북도 음성군청,시설관리사업소,043-871-5919,-,,127.647051,2021-03-18,음성군
음성궁도장,음성 궁도장,기타,법정공휴일,9:00,22:00,9:00,22:00,N,13,0,0,0,0,11449,,,,충청북도 음성군 음성읍 용광로 327,충청북도 음성군 음성읍 용산리 725-1,충청북도 음성군청,시설관리사업소,043-871-2482,-,36.96669155,127.6783978,2021-03-18,음성군
음성그라운드골프장,음성그라운드골프장,기타,연중무휴,9:00,22:00,9:00,22:00,N,16,0,0,0,0,3022,,,,충청북도 음성군 음성읍 용광로 35-12,충청북도 음성군 음성읍 읍내리 817-253,충청북도 음성군청,시설관리사업소,043-871-2482,-,36.93960526,127.6869082,2021-03-18,음성군
음성전천후게이트볼장,음성전천후게이트볼장,기타,연중무휴,9:00,22:00,9:00,22:00,N,16,0,0,0,0,2938,,,,충청북도 음성군 음성읍 수정로 36,충청북도 음성군 음성읍 읍내리 817-35,충청북도 음성군청,시설관리사업소,043-871-2482,-,36.93420893,127.6903844,2021-03-18,음성군
덕생전천후게이트볼장,덕생전천후게이트볼장,기타,연중무휴,9:00,22:00,9:00,22:00,N,16,0,0,0,0,2157,,,,충청북도 음성군 음성읍 덕생로 495-5,충청북도 음성군 음성읍 삼생리 90-2,충청북도 음성군청,시설관리사업소,043-871-2482,-,36.91454224,127.6226368,2021-03-18,음성군
금왕전천후게이트볼장,금왕전천후게이트볼장,기타,연중무휴,9:00,22:00,9:00,22:00,N,16,0,0,0,0,4969,,,,충청북도 음성군 금왕읍 백야로45번길 21,충청북도 음성군 금왕읍 금석리 431-47,충청북도 음성군청,시설관리사업소,043-871-2482,-,36.98758422,127.5981489,2021-03-18,음성군
소이전천후게이트볼장,소이전천후게이트볼장,기타,연중무휴,9:00,22:00,9:00,22:00,N,16,0,0,0,0,3066,,,,충청북도 음성군 소이면 소이로 410,충청북도 음성군 소이면 대장리 142-6,충청북도 음성군청,시설관리사업소,043-871-2483,-,36.92285398,127.7571751,2021-03-18,음성군
원남전천후게이트볼장,원남전천후게이트볼장,기타,연중무휴,9:00,22:00,9:00,22:00,N,16,0,0,0,0,1971,,,,충청북도 음성군 원남면 보천로65번길 18,충청북도 음성군 원남면 보룡리 396,충청북도 음성군청,시설관리사업소,043-871-2484,-,36.87816541,127.6549679,2021-03-18,음성군
맹동전천후게이트볼장,맹동전천후게이트볼장,기타,연중무휴,9:00,22:00,9:00,22:00,N,16,0,0,0,0,2549,,,,충청북도 음성군 맹동면 덕금로 396-1,충청북도 음성군 맹동면 쌍정리 96-6,충청북도 음성군청,시설관리사업소,043-871-2483,-,36.92631285,127.5642955,2021-03-18,음성군
대소전천후게이트볼장,대소전천후게이트볼장,기타,연중무휴,9:00,22:00,9:00,22:00,N,16,0,0,0,0,15707,,,,충청북도 음성군 대소면 오태로 57-16,충청북도 음성군 대소면 오류리 70-3,충청북도 음성군청,시설관리사업소,043-871-2484,-,36.97193875,127.4835109,2021-03-18,음성군
삼성전천후게이트볼장,삼성전천후게이트볼장,기타,연중무휴,9:00,22:00,9:00,22:00,N,16,0,0,0,0,2398,,,,충청북도 음성군 삼성면 덕호로 24-8,충청북도 음성군 삼성면 덕정리 402,충청북도 음성군청,시설관리사업소,043-871-2484,-,37.02306682,127.5017724,2021-03-18,음성군
생극전천후게이트볼장,생극전천후게이트볼장,기타,연중무휴,9:00,22:00,9:00,22:00,N,16,0,0,0,0,3029,,,,충청북도 음성군 생극면 음성로 1642-10,충청북도 음성군 생극면 신양리 374-15,충청북도 음성군청,시설관리사업소,043-871-2482,-,37.03468811,127.6078868,2021-03-18,음성군
무극전적 국민관광지,무극전적 국민관광지,전시실,매주 월요일 및 법정공휴일,9:00,18:00,9:00,18:00,N,9,0,0,0,0,13943,,,,충청북도 음성군 음성읍 생음대로 594,충청북도 음성군 음성읍 소여리 897,충청북도 음성군청,시설관리사업소,043-871-5930,-,36.95068328,127.6470132,2021-03-18,음성군
제천테니스장,제천테니스장,테니스장,연중무휴,9:00,22:00,9:00,22:00,N,,,,,2000,32397,"휴게시설 1동, 휴게공원 1식, 주차장 1식",방문+전화,,충청북도 제천시 북부로 1860,충청북도 제천시 신동 565번지,제천시 시설관리사업소,제천시 시설관리사업소,043-641-5597,https://jcfmc.jecheon.go.kr,37.123019,128.1723422,2021-03-15,제천시
제천정구장,제천정구장,기타,연중무휴,9:00,22:00,9:00,22:00,N,,,,,300,1200,"야간조명시설 4조 80등, 화장실",방문+전화,,충청북도 제천시 숭의로 85,충청북도 제천시 화산동 128-1,제천시 시설관리사업소,제천시 시설관리사업소,043-641-5597,https://jcfmc.jecheon.go.kr,37.130876,128.215999,2021-03-15,제천시
궁도장,궁도장,기타,연중무휴,9:00,22:00,9:00,22:00,N,,,,,200,11053,"사무실, 회의실, 화장실, 주차장 1식",방문+전화,,충청북도 제천시 세명로 21,충청북도 제천시 모산동 110,제천시 시설관리사업소,제천시 시설관리사업소,043-641-5597,https://jcfmc.jecheon.go.kr,37.180072,128.204461,2021-03-15,제천시
봉양건강축구캠프장,봉양건강축구캠프장,축구장,연중무휴,6:00,22:00,6:00,22:00,Y,3,"(평일)30,000+(주말)40,000",3,,3000,100139,"숙소 20실, 다목적회의실, 사무실, 체력단련실, 식당, 풋살장 2면관람석, 주차장",방문+전화,,충청북도 제천시 팔송로 77,충청북도 제천시 봉양읍 연박리 967,제천시 시설관리사업소,제천시 시설관리사업소,043-648-7330,https://jcfmc.jecheon.go.kr,37.137905,128.112701,2021-03-15,제천시
제천족구장,제천족구장,족구장,연중무휴,6:00,22:00,6:00,22:00,N,,,,,1000,6279,야외족구장 1면,방문+전화,,충청북도 제천시 세명로 23,충청북도 제천시 모산동 110,제천시 시설관리사업소,제천시 시설관리사업소,043-641-5597,https://jcfmc.jecheon.go.kr,37.180043,128.205418,2021-03-15,제천시
전천후게이트볼장,전천후게이트볼장,기타,연중무휴,9:00,18:00,9:00,18:00,N,,,,,50,3892,야외잔디구장,방문+전화,,충청북도 제천시 청전대로 13,충청북도제천시 청전동 519-1,제천시 시설관리사업소,제천시 시설관리사업소,043-641-5597,https://jcfmc.jecheon.go.kr,37.145528,128.201238,2021-03-15,제천시
제천체육관 게이트볼장,제천체육관 게이트볼장,기타,연중무휴,9:00,18:00,9:00,18:00,N,,,,,300,4000,휴게실 2동,방문+전화,,충청북도 제천시 숭의로 85,충청북도 제천시 화산동 128-1,제천시 시설관리사업소,제천시 시설관리사업소,043-641-5597,https://jcfmc.jecheon.go.kr,37.130876,128.215999,2021-03-15,제천시
청풍공설운동장,청풍공설운동장,축구장,연중무휴,9:00,18:00,9:00,18:00,Y,8,"(평일)40,000+(주말)60,000",8,,1000,31340,무대 1식,"인터넷, 방문",,충청북도 제천시 청풍면 문화재길 160,충청북도 제천시 청풍면 물태리 103,제천시 시설관리사업소,제천시 시설관리사업소,043-641-5597,https://jcfmc.jecheon.go.kr,37.003387,128.167871,2021-03-15,제천시
산악자전거경기장,산악자전거경기장,기타,연중무휴,9:00,18:00,9:00,18:00,Y,2,"(평일)60,000+(주말)80,000",2,,1000,37000,"XC경기장 6.2km, DH경기장 1.7km, 사무실, 화장실","인터넷, 방문",,-,충청북도 제천시 송학면 도화리 산2-3번지 일원,제천시 시설관리사업소,제천시 시설관리사업소,043-641-5597,https://jcfmc.jecheon.go.kr,37.193835,128.192401,2021-03-15,제천시
제천체육관,제천체육관,체육관,공휴일,6:00,22:00,6:00,22:00,Y,8,"(평일)40,000+(주말)60,000",8,,3300,59138,"전광판, 방송설비, 조명시설, 주차장","인터넷, 방문",,충청북도 제천시 숭의로 85,충청북도 제천시 화산동 128-1,제천시 시설관리사업소,제천시 시설관리사업소,043-641-5597,https://jcfmc.jecheon.go.kr,37.130876,128.215999,2021-03-15,제천시
제천배드민턴체육관,제천배드민턴체육관,기타,연중무휴,6:00,22:00,6:00,22:00,N,,,,,3300,9500,주차장,방문+전화,,충청북도 제천시 청전대로 13,충청북도 제천시 청전동 482-18,제천시 시설관리사업소,제천시 시설관리사업소,043-641-5597,https://jcfmc.jecheon.go.kr,37.145528,128.201238,2021-03-15,제천시
청풍명월국제하키장,청풍명월국제하키장,기타,공휴일,9:00,18:00,9:00,18:00,Y,3,"(평일)40,000+(주말)80,000",3,,1000,31340,"휴게실, 샤워실, 화장실, 체력단련실","인터넷, 방문",,충청북도 제천시 청풍면 문화재길 160,충청북도 제천시 청풍면 물태리 103,제천시 시설관리사업소,제천시 시설관리사업소,043-641-5597,https://jcfmc.jecheon.go.kr,37.003387,128.167871,2021-03-15,제천시
고암생활체육공원,고암생활체육공원,다목적경기장,연중무휴,0:00,0:00,0:00,0:00,N,,,,,1000,17768,"테니스장2면, 인라인스케이트장 1면, 배구장 및 족구장 2면, 풋살경기장 1면, 음수대 1개, 팔각정 3개소",방문+전화,,충청북도 제천시 제천북로 18길,충청북도 제천시 고암동 1135,제천시 시설관리사업소,제천시 시설관리사업소,043-641-5597,https://jcfmc.jecheon.go.kr,37.053863,128.160461,2021-03-15,제천시
신백생활체육공원,신백생활체육공원,다목적경기장,연중무휴,0:00,0:00,0:00,0:00,N,,,,,1000,22181,"족구장 2면, 풋살구장 1면, 테니스장 2면, 배드민턴장 1면, 우레탄트랙 250m, 야외음악무대 1식",방문+전화,,충청북도 제천시 관전로 54,충청북도 제천시 신백동 194-2,제천시 시설관리사업소,제천시 시설관리사업소,043-641-5597,https://jcfmc.jecheon.go.kr,37.129672,128.228792,2021-03-15,제천시
장락생활체육공원,장락생활체육공원,다목적경기장,연중무휴,0:00,0:00,0:00,0:00,N,,,,,1000,25727,"풋살장 1면, 족구장 1면, 인라인장 1면, 다목적구장 1면, 게이트볼장 1면, 야외무대 1식, 어린이놀이시설 1식, 산책로 1식, 화장실 2동, 주차장 3식(100대)",방문+전화,,충청북도 제천시 내제로 317,충청북도 제천시 장락동 672-3,제천시 시설관리사업소,제천시 시설관리사업소,043-641-5597,https://jcfmc.jecheon.go.kr,37.146421,128.221116,2021-03-15,제천시
하소생활체육공원,하소생활체육공원,다목적경기장,연중무휴,0:00,0:00,0:00,0:00,N,,,,,1000,16085,"다목적 구장 1면, 배드민턴장 2면, 족구장 2면, 테니스장 2면, 게이트볼장 1면, 농구장 1면, 인라인트랙 50m, 화장실 2개소",방문+전화,,충청북도 제천시 원뜰로 147,충청북도 제천시 하소동 271,제천시 시설관리사업소,제천시 시설관리사업소,043-641-5597,https://jcfmc.jecheon.go.kr,37.143006,128.195411,2021-03-15,제천시
제천종합운동장,제천종합운동장,축구장,공휴일,6:00,18:00,6:00,18:00,Y,2,"(평일)80,000+(주말)100,000",2,,3300,59138,"전광판, 방송설비, 조명시설, 주차장","인터넷, 방문",,충청북도 제천시 숭의로 101,충청북도 제천시 화산동 1,제천시 시설관리사업소,제천시 시설관리사업소,043-641-5597,https://jcfmc.jecheon.go.kr,37.129829,128.217279,2021-03-15,제천시
제천종합운동장,제천종합운동장,기타,공휴일,6:00,18:00,6:00,18:00,Y,8,"(평일)40,000+(주말)50,000",8,,3300,59138,"전광판, 방송설비, 조명시설, 주차장","인터넷, 방문",,충청북도 제천시 숭의로 101,충청북도 제천시 화산동 1,제천시 시설관리사업소,제천시 시설관리사업소,043-641-5597,https://jcfmc.jecheon.go.kr,37.129829,128.217279,2021-03-15,제천시
제천올림픽스포츠센터,제천올림픽스포츠센터,기타,"매주 일요일, 공휴일",6:00,22:00,0:00,0:00,Y,,"수영45,000원/월헬스40,000원/월라인댄스60,000원/월스쿼시60,000원/월아쿠아로빅60,000원/월골프70,000원/월복싱44,000원/월건강체조35,000원/월",,,2720,5002,"매점, 의류소매점",인터넷+방문,,충청북도 제천시 숭의로 85,충청북도 제천시 화산동 128-1,제천시 시설관리사업소,제천시 시설관리사업소,043-651-8855,https://opsports.jecheon.go.kr,37.130876,128.215999,2021-03-15,제천시
제천어울림체육센터,제천어울림체육센터,체육관,"매주 월요일, 공휴일",7:00,20:00,8:00,16:00,Y,2,"3,000",2,,500,1477.82,"빔프로젝트1,의자200,책상10,전광판1,음향시설1",방문,,충청북도 제천시 관전로 70,충청북도 제천시 신백동 193-1,제천시 시설관리사업소,제천시 시설관리사업소,043-653-9993,https://jcfmc.jecheon.go.kr,37.130652,128.229932,2021-03-15,제천시
제천어울림체육센터,제천어울림체육센터,기타,"매주 월.토.일, 공휴일",7:00,20:00,8:00,16:00,Y,1,"5,000",1,,1,68.62,"수중리프트,부력기구 6종",방문,,충청북도 제천시 관전로 70,충청북도 제천시 신백동 193-1,제천시 시설관리사업소,제천시 시설관리사업소,043-653-9993,https://jcfmc.jecheon.go.kr,37.130652,128.229932,2021-03-15,제천시
제천어울림체육센터,제천어울림체육센터,기타,"매주 일.월, 공휴일",7:00,20:00,8:00,16:00,Y,2,"2,000",2,,10,214.31,"수중자전거,부력기구 6종",방문,,충청북도 제천시 관전로 70,충청북도 제천시 신백동 193-1,제천시 시설관리사업소,제천시 시설관리사업소,043-653-9993,https://jcfmc.jecheon.go.kr,37.130652,128.229932,2021-03-15,제천시
제천어울림체육센터,제천어울림체육센터,기타,"매주 월요일, 공휴일",7:00,20:00,8:00,16:00,Y,2,"2,500",2,,20,215.57,헬스장비,방문,,충청북도 제천시 관전로 70,충청북도 제천시 신백동 193-1,제천시 시설관리사업소,제천시 시설관리사업소,043-659-9993,https://jcfmc.jecheon.go.kr,37.130652,128.229932,2021-03-15,제천시
단양공설운동장,단양공설운동장,다목적경기장,연중무휴,9:00,18:00,9:00,18:00,N,,대관사용료,,,3000,,없음,사용신청서작성,,충청북도 단양군 단양읍 별곡6길 26,,충청북도 단양군청,문화체육과(체육팀),043-420-3105,,36.9877883,128.3668,2021-03-18,단양군
단성생활체육공원,단성생활체육공원,다목적경기장,연중무휴,9:00,18:00,9:00,18:00,N,,,,,100,,,,,,충청북도 단양군 단성면 하방리 162-2,충청북도 단양군청,,,,36.938661,128.319778,2021-03-18,단양군
대강생활체육공원,대강생활체육공원,다목적경기장,연중무휴,9:00,18:00,9:00,18:00,N,,,,,100,,,,,충청북도 단양군 대강면 사인암로 760-9,,충청북도 단양군청,,,,36.91970367,128.3570598,2021-03-18,단양군
매포생활체육공원,매포생활체육공원,다목적경기장,연중무휴,9:00,18:00,9:00,18:00,N,,,,,150,,,,,충청북도 단양군 매포읍 평동4로 77,,충청북도 단양군청,,,,37.031474,128.294426,2021-03-18,단양군
별곡지구 생활체육공원,별곡지구 생활체육공원,다목적경기장,연중무휴,9:00,18:00,9:00,18:00,N,,,,,100,,,,,,충청북도 단양군 단양읍 별곡리 117,충청북도 단양군청,,,,36.991918,128.362335,2021-03-18,단양군
적성체육공원,적성체육공원,다목적경기장,연중무휴,9:00,18:00,9:00,18:00,N,,,,,100,,,,,충청북도 단양군 적성면 적성로 232-20,,충청북도 단양군청,,,,37.022326,128.285531,2021-03-18,단양군
덕산읍사무소 대회의실,덕산읍사무소,회의실,"매주 토,일요일",9:00,21:00,0:00,0:00,N,,0,,,200,307,책상20개+의자150개,방문,,충청북도 진천군 덕산읍 덕금로 829,충청북도 진천군 덕산읍 용몽리 637,덕산읍,총무팀,043-539-8403,http://www.jincheon.go.kr/home/sub.do?menukey=314,36.91366434,127.5090894,2021-03-09,진천군
덕산혁신도시출장소 대회의실,덕산혁신도시출장소,회의실,"공휴일, 매주 토,일요일",9:00,18:00,0:00,0:00,N,,0,,,150,273.6,책상20개+의자120개,"방문,전화",,충청북도 진천군 덕산읍 연미로 27,충청북도 진천군 덕산읍 두촌리 2849,덕산읍,총무팀,043-539-8403,http://www.jincheon.go.kr/home/sub.do?menukey=314,36.89885882,127.529346,2021-03-09,진천군
초평면사무소 회의실,초평면사무소,회의실,"공휴일, 매주 토ㆍ일요일",9:00,18:00,0:00,0:00,N,,,,,130,188.43,"빔프로젝트 1대, 책상 14개, 의자 140개, 마이크 3개",방문,,충청북도 진천군 초평면 초동로 45-6,충청북도 진천군 초평면 용정리 584-8,초평면,총무팀,043-539-8463,,36.84566246,127.526406,2021-03-09,진천군
초평면사무소 탁구장,초평면사무소,기타,"공휴일, 매주 토ㆍ일요일",9:00,21:00,9:00,18:00,N,,,,,20,181.82,"탁구대 4대, 자동연습기 1대, 탁구공",방문,,충청북도 진천군 초평면 초동로 45-6,충청북도 진천군 초평면 용정리 584-8,초평면,총무팀,043-539-8463,,36.84568732,127.5263866,2021-03-09,진천군
초평면사무소 건강관리실,초평면사무소,기타,"공휴일, 매주 토ㆍ일요일",9:00,21:00,9:00,18:00,N,,,,,10,42.98,"러닝머신 3대, 사이클 3대, 종합운동기구 3대, 안마기 1대, 찜질기 1대",방문,,충청북도 진천군 초평면 초동로 45-6,충청북도 진천군 초평면 용정리 584-8,초평면,총무팀,043-539-8463,,36.84568045,127.5264117,2021-03-09,진천군
문백면사무소 체력단련실,문백면사무소,기타,연중무휴,9:00,21:00,9:00,18:00,N,,0,,,10,148,"런닝머신, 고정식 자전거 등",방문.전화,,충청북도 진천군 문백면 옥성1길 21,충청북도 진천군 문백면 옥성리 312-1,문백면,총무팀,043-539-8523,,36.78420623,127.4371584,2021-03-09,진천군
문백면사무소 다목적실,문백면사무소,다목적실,연중무휴,9:00,21:00,9:00,18:00,N,,0,,,30,134,"TV, 노래방기계 등",방문.전화,,충청북도 진천군 문백면 옥성1길 21,충청북도 진천군 문백면 옥성리 312-1,문백면,총무팀,043-539-8523,,36.78423092,127.437181,2021-03-09,진천군
문백면사무소 소회의실,문백면사무소,회의실,연중무휴,9:00,21:00,9:00,18:00,N,,0,,,40,121,"탁자, 의자, 빔프로젝트 등",방문.전화,,충청북도 진천군 문백면 옥성1길 21,충청북도 진천군 문백면 옥성리 312-1,문백면,총무팀,043-539-8523,,36.78427139,127.4372036,2021-03-09,진천군
백곡면사무소 회의실,백곡면사무소,회의실,연중무휴,9:00,18:00,9:00,18:00,N,,0,,,50,132,"빔프로젝트 1대, 책상 20개, 의자 100개, 마이크 3개",방문.전화,,충청북도 진천군 백곡면 장터길 15-10,충청북도 진천군 백곡면 석현리 293,백곡면,총무팀,043-539-8584,http://www.jincheon.go.kr/home/sub.do?menukey=369,36.88370277,127.3768457,2021-03-09,진천군
백곡면문화복지센터,백곡면문화복지센터,다목적실,연중무휴,9:00,18:00,9:00,18:00,N,,0,,,100,474,"책상, 의자, 냉난방",방문.전화,,충청북도 진천군 백곡면 백곡로 904,충청북도 진천군 백곡면 석현리 269,백곡면,총무팀,043-539-8584,,36.8826851,127.3761897,2021-03-09,진천군
백곡면사무소 체력단련실,백곡면사무소,기타,"일요일, 공휴일",10:00,20:00,10:00,17:00,N,,0,,,10,61.38,"런닝머신3, 싸이클2, 근력운동기구4, 탁구대1, 허리안마기1",방문,,충청북도 진천군 백곡면 장터길 15-10,충청북도 진천군 백곡면 석현리 293,백곡면,총무팀,043-539-8584,http://www.jincheon.go.kr/home/sub.do?menukey=369,36.88371183,127.3768317,2021-03-09,진천군
백곡생활체육공원,백곡생활체육공원,다목적경기장,연중무휴,9:00,22:00,9:00,22:00,N,,0,,,50,1468,"체육시설(게이트볼장, 풋살장, 주차장), 운동기구 등",방문.전화,,충청북도 진천군 백곡면 백곡로 904-1,충청북도 진천군 백곡면 석현리 265,백곡면,주민생활팀,043-539-8603,http://www.jincheon.go.kr/,36.88234824,127.3763371,2021-03-09,진천군
화풍이월체육공원,화풍이월체육공원,다목적경기장,연중무휴,0:00,0:00,0:00,0:00,N,,,,,300,12415,"체육시설(그라운드골프장, 게이트볼장, 풋살장, 족구장, 어린이놀이터, 야외무대, 주차장, 인라인도로), 운동기구 등",,,충청북도 진천군 이월면 진광로 821,충청북도 진천군 이월면 송림리 377-5,이월면,주민생활팀,043-539-8663,,36.93358808,127.4296562,2021-03-09,진천군
소회의실,이월면행정복지센터,회의실,주말,9:00,17:00,0:00,0:00,N,,,,,50,,회의실,,,충청북도 진천군 이월면 진광로 729,충청북도 진천군 이월면 노원리 683-4,이월면,총무팀,043-539-8643,,36.92537054,127.4289338,2021-03-09,진천군
대회의실,이월면행정복지센터,회의실,주말,9:00,17:00,0:00,0:00,N,,,,,150,,회의실,,,충청북도 진천군 이월면 진광로 729,충청북도 진천군 이월면 노원리 683-4,이월면,총무팀,043-539-8643,,36.92537737,127.4289142,2021-03-09,진천군
체력단련실,이월면행정복지센터,기타,연중무휴,9:00,17:40,9:00,17:40,N,,,,,10,,체육시설,,,충청북도 진천군 이월면 진광로 729,충청북도 진천군 이월면 노원리 683-4,이월면,총무팀,043-539-8643,,36.925375,127.4289451,2021-03-09,진천군
광혜원면사무소 건강관리실,광혜원면사무소,기타,"매주 토요일 및 일요일, 공휴일",9:00,22:00,0:00,0:00,Y,,20000,,,150,234,"런닝머신, 바벨, 싸이클 등 20종, 샤워실 등",방문.전화,,충청북도 진천군 광혜원면 화랑길 86,충청북도 진천군 광혜원면 광혜원리 542-10,광혜원면,,043-539-8710,,36.9934701,127.4355661,2021-03-09,진천군
광혜원면사무소 웨딩홀,광혜원면사무소,기타,연중무휴,9:00,18:00,9:00,18:00,N,,0,,,150,339.3,"신부대기실, 폐백실, 방송실, 접수대, 단상, 의자 120개 등",방문.전화,,충청북도 진천군 광혜원면 화랑길 86,충청북도 진천군 광혜원면 광혜원리 542-10,광혜원면,총무팀,043-539-8723,,36.9934701,127.4355661,2021-03-09,진천군
광혜원면사무소 소회의실,광혜원면사무소,회의실,연중무휴,9:00,18:00,9:00,18:00,N,,0,,,40,117,"빔프로젝터, 책상, 의자 40개, 방송실",방문.전화,,충청북도 진천군 광혜원면 화랑길 86,충청북도 진천군 광혜원면 광혜원리 542-10,광혜원면,총무팀,043-539-8722,,36.9934701,127.4355661,2021-03-09,진천군
광혜원면사무소 대회의실,광혜원면사무소,회의실,연중무휴,9:00,18:00,9:00,18:00,N,,0,,,150,339.3,"빔프로젝터, 의자 120개, 방송실",방문.전화,,충청북도 진천군 광혜원면 화랑길 86,충청북도 진천군 광혜원면 광혜원리 542-10,광혜원면,총무팀,043-539-8722,,36.9934701,127.4355661,2021-03-09,진천군
3층 소극장,생거진천 종합사회 복지관,강의실,공휴일,9:00,22:00,9:00,18:00,Y,2,50000,1,20000,288,427.5,"조명, 빔프로젝트, 냉난방","방문, 팩스",,충청북도 진천군 진천읍 중앙북1길 11-10,충청북도 진천군 진천읍 벽암리 570-1,충청북도 진천군청,주민복지과,043-539-3237,http://www.jincheon.go.kr/site/welfare/sub.do?menukey=1017,36.86107039,127.439435,2021-03-09,진천군
1층 다목적실,생거진천 종합사회 복지관,다목적실,공휴일,9:00,22:00,9:00,18:00,Y,2,30000,1,20000,150,348.3,"조명, 빔프로젝트, 냉난방","방문, 팩스",,충청북도 진천군 진천읍 중앙북1길 11-10,충청북도 진천군 진천읍 벽암리 570-1,충청북도 진천군청,주민복지과,043-539-3237,http://www.jincheon.go.kr/site/welfare/sub.do?menukey=1017,36.86107039,127.439435,2021-03-09,진천군
화랑관 다목적경기장(개인 이용),화랑관,다목적경기장,공휴일,9:00,18:00,9:00,18:00,Y,2,1000,2,1000,1561,4967,"음향, 냉난방",방문,,충청북도 진천군 진천읍 문화로 69-4,충청북도 진천군 진천읍 교성리 108,충청북도 진천군청,체육진흥지원단,043-539-7692,,36.84992746,127.4400944,2021-03-09,진천군
화랑관 다목적경기장(20인 이상 단체 이용),화랑관,다목적경기장,공휴일,9:00,18:00,9:00,18:00,Y,2,500,2,500,1561,4967,"음향, 냉난방",방문,,충청북도 진천군 진천읍 문화로 69-4,충청북도 진천군 진천읍 교성리 108,충청북도 진천군청,체육진흥지원단,043-539-7692,,36.84955177,127.440136,2021-03-09,진천군
화랑관 다목적경기장(체육경기/평일),화랑관,다목적경기장,공휴일,9:00,18:00,9:00,18:00,Y,9,30000,4,45000,1561,4967,"음향, 냉난방",방문,,충청북도 진천군 진천읍 문화로 69-4,충청북도 진천군 진천읍 교성리 108,충청북도 진천군청,체육진흥지원단,043-539-7692,,36.84955177,127.440136,2021-03-09,진천군
화랑관 다목적경기장(체육경기/토요일 및 공휴일),화랑관,다목적경기장,공휴일,9:00,18:00,9:00,18:00,Y,9,45000,4,60000,1561,4967,"음향, 냉난방",방문,,충청북도 진천군 진천읍 문화로 69-4,충청북도 진천군 진천읍 교성리 108,충청북도 진천군청,체육진흥지원단,043-539-7692,,36.84955177,127.440136,2021-03-09,진천군
"화랑관 다목적경기장(체육경기 외, 무대 포함/평일)",화랑관,다목적경기장,공휴일,9:00,18:00,9:00,18:00,Y,9,65000,4,90000,1561,4967,"음향, 냉난방",방문,,충청북도 진천군 진천읍 문화로 69-4,충청북도 진천군 진천읍 교성리 108,충청북도 진천군청,체육진흥지원단,043-539-7692,,36.84955177,127.440136,2021-03-09,진천군
"화랑관 다목적경기장(체육경기 외, 무대 포함/토요일 및 공휴일)",화랑관,다목적경기장,공휴일,9:00,18:00,9:00,18:00,Y,9,90000,4,130000,1561,4967,"음향, 냉난방",방문,,충청북도 진천군 진천읍 문화로 69-4,충청북도 진천군 진천읍 교성리 108,충청북도 진천군청,체육진흥지원단,043-539-7692,,36.84955177,127.440136,2021-03-09,진천군
진천읍사무소,대회의실,회의실,"주말, 공휴일",9:00,18:00,0:00,0:00,N,2,0,,,150,330.579,,,,충청북도 진천군 진천읍 상산로 65,충청북도 진천군 진천읍 읍내리 370-1,진천읍사무소,총무팀,043-539-8303,,36.85471781,127.4413385,2021-03-09,진천군
진천읍사무소,중회의실,회의실,"주말, 공휴일",9:00,18:00,0:00,0:00,N,2,0,,,60,198.347,,,,충청북도 진천군 진천읍 상산로 65,충청북도 진천군 진천읍 읍내리 370-1,진천읍사무소,총무팀,043-539-8303,,36.85471781,127.4413385,2021-03-09,진천군
진천읍사무소,소회의실,회의실,"주말, 공휴일",9:00,18:00,0:00,0:00,N,2,0,,,50,132.231,,,,충청북도 진천군 진천읍 상산로 65,충청북도 진천군 진천읍 읍내리 370-1,진천읍사무소,총무팀,043-539-8303,,36.85471781,127.4413385,2021-03-09,진천군
덕산읍사무소 체력단련실,덕산읍사무소,기타,"공휴일,매주 일요일,둘째 넷째 토요일",6:00,22:00,6:00,17:00,Y,,20000,,,30,243,운동기구+샤워장+탈의실,방문,,충청북도 진천군 덕산읍 덕금로 829,충청북도 진천군 덕산읍 용몽리 637,덕산읍,총무팀,043-539-8403,http://www.jincheon.go.kr/home/sub.do?menukey=314,36.9136321,127.509344,2021-03-09,진천군
덕산읍사무소 탁구장,덕산읍사무소,기타,"매주 토,일요일",9:00,22:30,0:00,0:00,N,,0,,,20,81,탁구대,방문,,충청북도 진천군 덕산읍 덕금로 829,충청북도 진천군 덕산읍 용몽리 637,덕산읍,총무팀,043-539-8403,http://www.jincheon.go.kr/home/sub.do?menukey=314,36.9136321,127.509344,2021-03-09,진천군
덕산읍사무소 소회의실,덕산읍사무소,회의실,"매주 토,일요일",9:00,21:00,0:00,0:00,N,,0,,,30,50,책상3개+의자20개,방문,,충청북도 진천군 덕산읍 덕금로 829,충청북도 진천군 덕산읍 용몽리 637,덕산읍,총무팀,043-539-8403,http://www.jincheon.go.kr/home/sub.do?menukey=314,36.9136321,127.509344,2021-03-09,진천군
다목적실,옥천군민도서관,다목적실,매주월요일+국가지정공휴일,9:00,18:00,9:00,18:00,Y,4,"(평일)30,000+(주말)36,000",1,,100,182,빔프로젝트+무선마이크+냉난방시설,인터넷+방문,,충청북도 옥천군 옥천읍 관성로4길 10,,옥천군평생학습원,도서관운영팀,043-730-3614,http://lib.oc.go.kr/,36.300464,127.574963,2021-03-08,옥천군
옥천군청소년수련관 별관 강당,옥천군청소년수련관,강당,매주 월요일,9:00,22:00,9:00,18:00,N,,N,,,150,,빔프로젝터+음향시스템,방문,,충청북도 옥천군 옥천읍 동부로 39-2,,충청북도 옥천군,평생학습원,043-730-4982,,36.30692111,127.5768265,2021-03-08,옥천군
옥천군청소년수련관 실내체육관,옥천군청소년수련관,체육관,매주 월요일,9:00,22:00,9:00,18:00,N,,N,,,10,,,방문,,충청북도 옥천군 옥천읍 동부로 39,,충청북도 옥천군,평생학습원,043-730-4982,,36.30665104,127.5767667,2021-03-08,옥천군
옥천군청소년수련관 야외인라인장,옥천군청소년수련관,기타,매주 월요일,9:00,22:00,9:00,18:00,N,,N,,,20,,,방문,,충청북도 옥천군 옥천읍 동부로 39,,충청북도 옥천군,평생학습원,043-730-4982,,36.30665104,127.5767667,2021-03-08,옥천군
옥천 공설테니스장,옥천 공설테니스장,테니스장,없음,9:00,21:00,9:00,21:00,N,,,,,50,3366,,"방문,전화",,충청북도 옥천군 옥천읍 관성로 53,,충청북도 옥천군,체육시설사업소,043-730-4882,,36.30307261,127.5758051,2021-03-08,옥천군
옥천읍테니스장,옥천읍테니스장,테니스장,없음,9:00,18:00,9:00,18:00,N,,,,,40,2664,,"방문,전화",,충청북도 옥천군 옥천읍 동부로 15,,충청북도 옥천군,체육시설사업소,043-730-4882,,36.30657124,127.5746239,2021-03-08,옥천군
관성정,관성정,기타,없음,9:00,18:00,9:00,18:00,N,,,,,50,11688,,"방문,전화",,충청북도 옥천군 군서면 성왕로 908-13,,충청북도 옥천군,체육시설사업소,043-730-4882,,36.30062429,127.5444138,2021-03-08,옥천군
청산정,청산정,기타,없음,9:00,18:00,9:00,18:00,N,,,,,50,14645,,"방문,전화",,충청북도 옥천군 청산면 남부로 2460,,충청북도 옥천군,체육시설사업소,043-730-4882,,36.33674287,127.7671853,2021-03-08,옥천군
옥천 공설 그라운드 골프장,옥천 공설 그라운드 골프장,기타,없음,9:00,18:00,9:00,18:00,N,,,,,50,2000,,"방문,전화",,충청북도 옥천군 옥천읍 동부로 41,,충청북도 옥천군,체육시설사업소,043-730-4882,,36.30585802,127.579001,2021-03-08,옥천군
옥천 문정리 그라운드 골프장,옥천 문정리 그라운드 골프장,기타,없음,9:00,18:00,9:00,18:00,N,,,,,50,1800,,"방문,전화",,충청북도 옥천군 옥천읍 문정1길 37,,충청북도 옥천군,체육시설사업소,043-730-4882,,36.3040169,127.5750861,2021-03-08,옥천군
옥천 공설 다목적구장,옥천 공설 다목적구장,다목적경기장,없음,9:00,18:00,9:00,18:00,N,,,,,50,2600,,"방문,전화",,충청북도 옥천군 옥천읍 동부로 41,,충청북도 옥천군,체육시설사업소,043-730-4882,,36.30585802,127.579001,2021-03-08,옥천군
서정리 족구장,서정리 족구장,족구장,없음,9:00,18:00,9:00,18:00,N,,,,,40,3030,,"방문,전화",,,충청북도 옥천군 옥천읍 서정리 41-5,충청북도 옥천군,체육시설사업소,043-730-4882,,36.3121538,127.5575956,2021-03-08,옥천군
옥천 상계 체육시설,옥천 상계 체육시설,체육관,없음,9:00,21:00,9:00,21:00,N,,,,,200,13018,"족구, 농구, 게이트볼, 그라운드골프","방문,전화",,충청북도 옥천군 옥천읍 매동로 209,,충청북도 옥천군,체육시설사업소,043-730-4882,,36.31879887,127.5827091,2021-03-08,옥천군
옥천국민체육센터_수영장,옥천국민체육센터,기타,"월, 법정공휴일",6:00,21:00,6:00,17:00,Y,3,50000,,,200,991,,방문,,충청북도 옥천군 옥천읍 동부로 39-1,,충청북도 옥천군,체육시설사업소,043-730-4975,www.oc.go.kr,36.30626654,127.5780108,2021-03-08,옥천군
옥천국민체육센터_헬스장,옥천국민체육센터,기타,"월, 법정공휴일",6:00,21:00,6:00,17:00,Y,3,40000,,,50,284,,방문,,충청북도 옥천군 옥천읍 동부로 39-1,,충청북도 옥천군,체육시설사업소,043-730-4975,www.oc.go.kr,36.30626654,127.5780108,2021-03-08,옥천군
옥천체육센터(탁구장),옥천체육센터,기타,없음,6:00,22:00,6:00,22:00,N,,"개인-무료,전용사용료시 사용료부과",,,50,287,탁구,방문,,충청북도 옥천군 옥천읍 관성로 53,,충청북도 옥천군,체육시설사업소,043-730-4864,,36.30307261,127.5758051,2021-03-08,옥천군
옥천생활체육관,옥천생활체육관,체육관,없음,5:00,22:00,5:00,22:00,N,,"개인-무료,전용사용료시 사용료부과",,,345,1654,,방문,,충청북도 옥천군 옥천읍 문정1길 37,,충청북도 옥천군,체육시설사업소,043-730-4864,,36.3040169,127.5750861,2021-03-08,옥천군
옥천공설운동장,옥천공설운동장,다목적경기장,없음,6:00,22:00,6:00,22:00,N,,"개인-무료,전용사용료시 사용료부과",,,1000,2086,,방문,,충청북도 옥천군 옥천읍 관성로 53,,충청북도 옥천군,체육시설사업소,043-730-4864,,36.30307261,127.5758051,2021-03-08,옥천군
공설전천후게이트볼장,공설전천후게이트볼장,기타,없음,9:00,18:00,9:00,18:00,N,,,,,30,1223,,"방문,전화",,충청북도 옥천군 옥천읍 동부로 41,,충청북도 옥천군,체육시설사업소,043-730-4882,,36.30585802,127.579001,2021-03-08,옥천군
동이전천후게이트볼장,동이전천후게이트볼장,기타,없음,9:00,18:00,9:00,18:00,N,,,,,30,524,,"방문,전화",,충청북도 옥천군 동이면 평산4길 2,,충청북도 옥천군,체육시설사업소,043-730-4882,,36.28356143,127.6202782,2021-03-08,옥천군
안남전천후게이트볼장,안남전천후게이트볼장,기타,없음,9:00,18:00,9:00,18:00,N,,,,,30,544,,"방문,전화",,충청북도 옥천군 안남면 연주길 15,,충청북도 옥천군,체육시설사업소,043-730-4882,,36.35840823,127.6755846,2021-03-08,옥천군
안내현리전천후게이트볼장,안내현리전천후게이트볼장,기타,없음,9:00,18:00,9:00,18:00,N,,,,,30,339,,"방문,전화",,충청북도 옥천군 안내면 현리길 131,,충청북도 옥천군,체육시설사업소,043-730-4882,,36.39164348,127.6554346,2021-03-08,옥천군
안내월외전천후게이트볼장,안내월외전천후게이트볼장,기타,없음,9:00,18:00,9:00,18:00,N,,,,,30,451,,"방문,전화",,충청북도 옥천군 안내면 안내수한로 483-23,,충청북도 옥천군,체육시설사업소,043-730-4882,,36.42745277,127.6419793,2021-03-08,옥천군
청성전천후게이트볼장,청성전천후게이트볼장,기타,없음,9:00,18:00,9:00,18:00,N,,,,,30,498,,"방문,전화",,충청북도 옥천군 청성면 산계길 17,,충청북도 옥천군,체육시설사업소,043-730-4882,,36.32448958,127.758891,2021-03-08,옥천군
청산전천후게이트볼장,청산전천후게이트볼장,기타,없음,9:00,18:00,9:00,18:00,N,,,,,30,563,,"방문,전화",,충청북도 옥천군 청산면 지전길 32-19,,충청북도 옥천군,체육시설사업소,043-730-4882,,36.34595029,127.7940415,2021-03-08,옥천군
이원전천후게이트볼장,이원전천후게이트볼장,기타,없음,9:00,18:00,9:00,18:00,N,,,,,30,560,,"방문,전화",,충청북도 옥천군 이원면 묘목로 179-4,,충청북도 옥천군,체육시설사업소,043-730-4882,,36.25073562,127.6156483,2021-03-08,옥천군
군서전천후게이트볼장,군서전천후게이트볼장,기타,없음,9:00,18:00,9:00,18:00,N,,,,,30,498,,"방문,전화",,충청북도 옥천군 군서면 성왕로 494,,충청북도 옥천군,체육시설사업소,043-730-4882,,36.27525728,127.5293017,2021-03-08,옥천군
군북전천후게이트볼장,군북전천후게이트볼장,기타,없음,9:00,18:00,9:00,18:00,N,,,,,30,679,,"방문,전화",,충청북도 옥천군 군북면 이백길 23,,충청북도 옥천군,체육시설사업소,043-730-4882,,36.32964418,127.5327521,2021-03-08,옥천군
중앙공원 소프트테니스장,중앙공원 소프트테니스장,테니스장,없음,9:00,22:00,9:00,22:00,N,,,,,30,4144,,"방문,전화",,충청북도 옥천군 옥천읍 서대공원길 33,,충청북도 옥천군,체육시설사업소,043-730-4882,,36.29490479,127.5727126,2021-03-08,옥천군
가화쌈지숲 생활체육시설,가화쌈지숲 생활체육시설,다목적경기장,없음,9:00,18:00,9:00,18:00,N,,,,,30,868,,"방문,전화",,,충청북도 옥천군 옥천읍 금구리 222-11,충청북도 옥천군,체육시설사업소,043-730-4882,,36.3057823,127.561364,2021-03-08,옥천군
서정리 야외씨름연습장,서정리 야외씨름연습장,기타,없음,9:00,18:00,9:00,18:00,N,,,,,20,621,,"방문,전화",,,충청북도 옥천군 옥천읍 서정리 33-8,충청북도 옥천군,체육시설사업소,043-730-4882,,36.313318,127.5582772,2021-03-08,옥천군
옥천 풋살장,옥천 풋살장,풋살경기장,없음,9:00,18:00,9:00,18:00,N,,,,,30,1840,,"방문,전화",,,충청북도 옥천군 옥천읍 문정리 산9-10,충청북도 옥천군,체육시설사업소,043-730-4882,,36.3067588,127.5777694,2021-03-08,옥천군
옥천 사회인 야구장,옥천 사회인 야구장,야구장,없음,9:00,18:00,9:00,18:00,N,,,,,50,9297,,"방문,전화",,,충청북도 옥천군 이원면 이원리 510-3,충청북도 옥천군,체육시설사업소,043-730-4882,,36.2460524,127.6279985,2021-03-08,옥천군
안남 다목적 구장,안남 다목적 구장,다목적경기장,없음,9:00,18:00,9:00,18:00,N,,,,,30,753,,"방문,전화",,,충청북도 옥천군 안남면 연주리 421-6,충청북도 옥천군,체육시설사업소,043-730-4882,,36.356584,127.6743408,2021-03-08,옥천군
관성회관야외공연장,관성회관,강당,법정공휴일,9:00,18:00,9:00,18:00,Y,5,"22,000",,,1000,891,문화시설,"방문, 전화",,충청북도 옥천군 옥천읍 관성로 35,,충청북도 옥천군청,문화관광과,043-730-3842,www.okcc.or.kr,36.3020666,127.5731259,2021-03-08,옥천군
관성회관문화교실,관성회관,회의실,법정공휴일,9:00,18:00,9:00,18:00,Y,0,"3,600",,0,50,49,문화시설,"방문, 전화",,충청북도 옥천군 옥천읍 관성로 29,,충청북도 옥천군청,문화관광과,043-730-3842,www.okcc.or.kr,36.30165025,127.5724903,2021-03-08,옥천군
관성회관대강당,관성회관,전시실,법정공휴일,9:00,18:00,9:00,18:00,Y,1,"15,000",,,499,90,문화시설,"방문, 전화",,충청북도 옥천군 옥천읍 관성로 35,,충청북도 옥천군청,문화관광과,043-730-3842,www.okcc.or.kr,36.3020666,127.5731259,2021-03-08,옥천군
관성회관대강당,관성회관,기타,법정공휴일,9:00,18:00,9:00,18:00,Y,5,"22,000",,,,8817,문화시설,"방문, 전화",,충청북도 옥천군 옥천읍 관성로 35,,충청북도 옥천군청,문화관광과,043-730-3842,www.okcc.or.kr,36.3020666,127.5731259,2021-03-08,옥천군
옥천문화예술회관,옥천문화예술회관,강당,법정공휴일,9:00,18:00,9:00,18:00,Y,5,"60,000",1,12000,478,2989.66,문화시설,"방문, 전화",,충청북도 옥천군 옥천읍 문정1길 32,,충청북도 옥천군청,문화관광과,043-730-4891,www.ocac.go.kr,36.3037552,127.5741223,2021-03-08,옥천군
정지용문학관,정지용문학관,전시실,"매주 월요일, 1월 1일, 설, 추석",9:00,18:00,9:00,18:00,N,,,,,,436.98,문화시설,,,충청북도 옥천군 옥천읍 향수길 56,,충청북도 옥천군청,문화관광과,043-730-3407,https://www.oc.go.kr/jiyong/index.do,36.31501588,127.5815719,2021-03-08,옥천군
정지용생가,정지용생가,기타,"매주 월요일, 1월 1일, 설, 추석",9:00,18:00,9:00,18:00,N,,,,,,73.26,문화시설,,,충청북도 옥천군 옥천읍 향수길 56,,충청북도 옥천군청,문화관광과,043-730-3407,https://www.oc.go.kr/jiyong/index.do,36.3150744,127.5815719,2021-03-08,옥천군
육영수생가,육영수생가,기타,"매주 월요일, 1월 1일, 설, 추석",9:00,18:00,9:00,18:00,N,,,,,,711.76,문화시설,,,충청북도 옥천군 옥천읍 향수길 119,,충청북도 옥천군청,문화관광과,043-730-3416,www.oc.go.kr,36.31816523,127.5877021,2021-03-08,옥천군
향토전시관,향토전시관,전시실,"매주 월요일, 1월 1일, 설, 추석",9:00,18:00,9:00,18:00,N,,,,,,772.05,문화시설,,,충청북도 옥천군 안내면 장계1길 57-1,,충청북도 옥천군청,문화관광과,043-730-3418,www.oc.go.kr,36.37728877,127.6356203,2021-03-08,옥천군
옥천전통문화체험관,옥천전통문화체험관,회의실,매주 월요일,9:00,18:00,9:00,18:00,Y,3,"50,000",1,,50,,문화시설,"방문,전화,인터넷",,충청북도 옥천군 옥천읍 향수길 100,충청북도 옥천군 옥천읍 하계리 1-1,충북 옥천군,문화관광과,043-730-3415,https://tradition.oc.go.kr,36.316775,127.585693,2021-03-08,옥천군
옥천전통문화체험관,옥천전통문화체험관,전시실,매주 월요일,9:00,18:00,9:00,18:00,Y,24,"50,000",,,40,,문화시설,"방문,전화,인터넷",,충청북도 옥천군 옥천읍 향수길 100,충청북도 옥천군 옥천읍 하계리 1-1,충북 옥천군,문화관광과,043-730-3415,https://tradition.oc.go.kr,36.316775,127.585693,2021-03-08,옥천군
옥천전통문화체험관,옥천전통문화체험관,기타,매주 월요일,9:00,18:00,9:00,18:00,Y,24,"100,000",,,50,,문화시설,"방문,전화,인터넷",,충청북도 옥천군 옥천읍 향수길 100,충청북도 옥천군 옥천읍 하계리 1-1,충북 옥천군,문화관광과,043-730-3415,https://tradition.oc.go.kr,36.316775,127.585693,2021-03-08,옥천군
옥천군노인장애인복지관,옥천군노인장애인복지관,기타,"일요일, 명절연휴,근로자의 날",9:00,18:00,9:00,15:00,N,,,,,500,3191.03,복지지설,,,충청북도 옥천군 안내면 장계1길 57-1,충청북도 옥천군 옥천읍 삼양로8길 9,충청북도 옥천군청,주민복지과,043-733-2500,http://www.ocbr.or.kr/,36.304722,127.569542,2021-03-08,옥천군
다목적회관,옥천군 다목적회관,다목적실,법정공휴일,9:00,18:00,9:00,18:00,Y,2,15000,1,30000,120,2082.84,빔프로젝트+무선마이크+냉난방시설,"방문,전화",,충청북도 옥천군 옥천읍 중앙로 126,충청북도 옥천군 옥천읍 문정리 439,충청북도 옥천군청,자치행정과,043-730-3188,,36.307501,127.573777,2021-03-08,옥천군
영동국악체험촌_우리소리관_공연장,영동국악체험촌,기타,"1월 1일, 설ㆍ추석연휴 ,법정공휴일의 다음날",9:00,18:00,9:00,18:00,Y,4,50000,,,304,656,"음향장비,의자300석","방문,전화",,충청북도 영동군 심천면 국악로1길 33,,충청북도 영동군청,국악문화체육과,043-740-3676,https://www.yd21.go.kr/gugak,36.21315507,127.6985857,2020-12-01,영동군
영동국악체험촌_소리창조관_체험장(대),영동국악체험촌,기타,"1월 1일, 설ㆍ추석연휴 ,법정공휴일의 다음날",10:00,17:00,10:00,17:00,Y,4,50000,,,100,208,국악기,"방문,전화",,충청북도 영동군 심천면 국악로1길 33,,충청북도 영동군청,국악문화체육과,043-740-3676,https://www.yd21.go.kr/gugak,36.21315507,127.6985857,2020-12-01,영동군
영동국악체험촌_소리창조관_체험장(중),영동국악체험촌,기타,"1월 1일, 설ㆍ추석연휴 ,법정공휴일의 다음날",10:00,17:00,10:00,17:00,Y,4,30000,,,50,104,국악기,"방문,전화",,충청북도 영동군 심천면 국악로1길 33,,충청북도 영동군청,국악문화체육과,043-740-3676,https://www.yd21.go.kr/gugak,36.21315507,127.6985857,2020-12-01,영동군
영동국악체험촌_소리창조관_체험장(소),영동국악체험촌,기타,"1월 1일, 설ㆍ추석연휴 ,법정공휴일의 다음날",10:00,17:00,10:00,17:00,Y,4,20000,,,6,26,,"방문,전화",,충청북도 영동군 심천면 국악로1길 33,,충청북도 영동군청,국악문화체육과,043-740-3676,https://www.yd21.go.kr/gugak,36.21315507,127.6985857,2020-12-01,영동군
영동국악체험촌_세미나실,영동국악체험촌,회의실,"1월 1일, 설ㆍ추석연휴 ,법정공휴일의 다음날",9:00,18:00,9:00,18:00,Y,4,60000,1,10000,50,103,"프로젝터1대,스크린1대","방문,전화",,충청북도 영동군 심천면 국악로1길 33,,충청북도 영동군청,국악문화체육과,043-740-3676,https://www.yd21.go.kr/gugak,36.21315507,127.6985857,2020-12-01,영동군
난계국악박물관_전시실,난계국악박물관,전시실,"1월 1일, 설ㆍ추석연휴 ,법정공휴일의 다음날",9:00,18:00,9:00,18:00,Y,,2000,,,150,762,국악기 전시물 86점,"방문,전화",,충청북도 영동군 심천면 국악로 9,,충청북도 영동군청,국악문화체육과,043-740-3886,https://www.yd21.go.kr/gugak,36.2101565,127.7049374,2020-12-01,영동군
노근리평화공원_평화기념관_전시실,노근리평화공원,전시실,"매주 월요일, 신정, 설, 추석",9:00,18:00,9:00,18:00,N,,,,,100,248,"조명, 전시물",,,충청북도 영동군 영동읍 목화실길 7,,충청북도 영동군청,시설사업소,043-740-5983,www.nogunri.net,36.213754,127.880549,2020-12-01,영동군
노근리평화공원_교육관_대회의실,노근리평화공원,회의실,"매주 월요일, 신정, 설, 추석",9:00,18:00,9:00,18:00,Y,,,,,400,411,"조명,무대,음향,간이의자","방문,전화",,충청북도 영동군 영동읍 목화실길 7,,충청북도 영동군청,시설사업소,043-740-5983,www.nogunri.net,36.213754,127.880549,2020-12-01,영동군
영동군민운동장_축구장,영동군민운동장,축구장,"1월1일, 설연휴, 추석연휴",6:00,21:00,6:00,21:00,Y,,,,,5000,68955,화장실,"방문,전화",,충청북도 영동군 영동읍 영동황간로123,,충청북도 영동군청,시설사업소,043-740-5994,www.yd21.go.kr/html/refo/lylh/lylh_100401.html,36.1653675,127.7839616,2020-12-01,영동군
영동군_실내테니스장,영동군_실내테니스장,테니스장,"1월1일, 설연휴, 추석연휴",6:00,21:00,6:00,21:00,Y,,,,,150,3008,화장실,"방문,전화",,충청북도 영동군 영동읍 영동황간로123,,충청북도 영동군청,시설사업소,043-740-5994,www.yd21.go.kr/html/refo/lylh/lylh_100401.html,36.1653675,127.7839616,2020-12-01,영동군
영동군_문화체육센터,영동군_문화체육센터,체육관,"1월1일, 설연휴, 추석연휴",6:00,21:00,6:00,21:00,Y,,,,,300,5459,화장실,"방문,전화",,충청북도 영동군 영동읍 영동황간로123,,충청북도 영동군청,시설사업소,043-740-5994,www.yd21.go.kr/html/refo/lylh/lylh_100401.html,36.1653675,127.7839616,2020-12-01,영동군
영동체육관,영동체육관,체육관,"1월1일, 설연휴, 추석연휴",6:00,21:00,6:00,21:00,Y,,,,,2000,23155,화장실,"방문,전화",,충청북도 영동군 영동읍 영동황간로122,,충청북도 영동군청,시설사업소,043-740-5994,www.yd21.go.kr/html/refo/lylh/lylh_100401.html,36.16401536,127.7819468,2020-12-01,영동군
영동궁도장(영무정),영동궁도장,기타,"1월1일, 설연휴, 추석연휴",6:00,21:00,6:00,21:00,N,,,,,70,351,화장실,,,충청북도 영동군 영동읍 매천6길 33,,충청북도 영동군청,시설사업소,043-740-5994,www.yd21.go.kr/html/refo/lylh/lylh_100401.html,36.16401536,127.7819468,2020-12-01,영동군
영동탁구장,영동탁구장,기타,"1월1일, 설연휴, 추석연휴",6:00,21:00,6:00,21:00,N,,,,,250,1146,화장실,,,충청북도 영동군 영동읍 계산로3길 9,,충청북도 영동군청,시설사업소,043-740-5994,www.yd21.go.kr/html/refo/lylh/lylh_100401.html,36.17209569,127.7805148,2020-12-01,영동군
영동소프트테니스장,영동소프트테니스장,테니스장,"1월1일, 설연휴, 추석연휴",6:00,21:00,6:00,21:00,N,,,,,500,2191,화장실,,,충청북도 영동군 영동읍 영동천1길 140,,충청북도 영동군청,시설사업소,043-740-5994,www.yd21.go.kr/html/refo/lylh/lylh_100402.html,36.18301373,127.770106,2020-12-01,영동군
영동그라운드골프 돔구장,영동그라운드골프 돔구장,골프장,"1월1일, 설연휴, 추석연휴",6:00,21:00,6:00,21:00,N,,,,,600,2400,화장실,,,충청북도 영동군 영동읍 계산리 745,,충청북도 영동군청,시설사업소,043-740-5994,www.yd21.go.kr/html/refo/lylh/lylh_100403.html,36.180783,127.770763,2020-12-01,영동군
영동읍_전천후게이트볼장,영동읍 전천후게이트볼장,기타,연중무휴,9:00,18:00,9:00,18:00,N,,,,,50,439,,,,충청북도 영동군 영동읍 영동황간로122,,충청북도 영동군청,시설사업소,043-740-5994,www.yd21.go.kr/html/refo/lylh/lylh_100404.html,36.16401536,127.7819468,2020-12-01,영동군
용산면_전천후게이트볼장,용산면 전천후게이트볼장,기타,연중무휴,9:00,18:00,9:00,18:00,N,,,,,50,380,,,,충청북도 영동군 용산면 용산로 9길 37,,충청북도 영동군청,시설사업소,043-740-5994,www.yd21.go.kr/html/refo/lylh/lylh_100405.html,36.26410675,127.8228434,2020-12-01,영동군
황간면_전천후게이트볼장,황간면 전천후게이트볼장,기타,연중무휴,9:00,18:00,9:00,18:00,N,,,,,50,1269,,,,충청북도 영동군 황간면 용암리 606-1,,충청북도 영동군청,시설사업소,043-740-5994,www.yd21.go.kr/html/refo/lylh/lylh_100406.html,36.23427721,127.9062688,2020-12-01,영동군
황간면_서부전천후게이트볼장,황간면 전천후게이트볼장,기타,연중무휴,9:00,18:00,9:00,18:00,N,,,,,50,1269,,,,충청북도 영동군 황간면 신흥1길 25,,충청북도 영동군청,시설사업소,043-740-5994,www.yd21.go.kr/html/refo/lylh/lylh_100407.html,36.23427721,127.9062688,2020-12-01,영동군
추풍령면_전천후게이트볼장,추풍령면 전천후게이트볼장,기타,연중무휴,9:00,18:00,9:00,18:00,N,,,,,50,498.92,,,,충청북도 영동군 추풍령면 추풍령로4길 20,,충청북도 영동군청,시설사업소,043-740-5994,www.yd21.go.kr/html/refo/lylh/lylh_100408.html,36.21347376,128.0000639,2020-12-01,영동군
매곡면_전천후게이트볼장,매곡면 전천후게이트볼장,기타,연중무휴,9:00,18:00,9:00,18:00,N,,,,,50,499,,,,충청북도 영동군 매곡면 노천리 297-2,,충청북도 영동군청,시설사업소,043-740-5994,www.yd21.go.kr/html/refo/lylh/lylh_100409.html,36.204832,127.930379,2020-12-01,영동군
상촌면_전천후게이트볼장,상촌면 전천후게이트볼장,기타,연중무휴,9:00,18:00,9:00,18:00,N,,,,,50,1581,,,,충청북도 영동군 상촌면 임산리 707-56,,충청북도 영동군청,시설사업소,043-740-5994,www.yd21.go.kr/html/refo/lylh/lylh_100410.html,36.153277,127.915927,2020-12-01,영동군
양강면(괴목)_전천후게이트볼장,양강면 전천후게이트볼장,기타,연중무휴,9:00,18:00,9:00,18:00,N,,,,,50,499,,,,충청북도 영동군 양강면 괴목리 780-1,,충청북도 영동군청,시설사업소,043-740-5994,www.yd21.go.kr/html/refo/lylh/lylh_100411.html,36.15294151,127.7504118,2020-12-01,영동군
양강면(지촌)_전천후게이트볼장,양강면 전천후게이트볼장,기타,연중무휴,9:00,18:00,9:00,18:00,N,,,,,50,499,,,,충청북도 영동군 양강면 지촌리 325-2,,충청북도 영동군청,시설사업소,043-740-5994,www.yd21.go.kr/html/refo/lylh/lylh_100412.html,36.15294151,127.7504118,2020-12-01,영동군
용화면_전천후게이트볼장,용화면 전천후게이트볼장,기타,연중무휴,9:00,18:00,9:00,18:00,N,,,,,50,432,,,,충청북도 영동군 용화면 민주지산로 112-12,,충청북도 영동군청,시설사업소,043-740-5994,www.yd21.go.kr/html/refo/lylh/lylh_100413.html,36.02009871,127.7668065,2020-12-01,영동군
학산면_전천후게이트볼장,학산면 전천후게이트볼장,기타,연중무휴,9:00,18:00,9:00,18:00,N,,,,,50,1654,,,,충청북도 영동군 학산면 서산로 1길 60,,충청북도 영동군청,시설사업소,043-740-5994,www.yd21.go.kr/html/refo/lylh/lylh_100414.html,36.09792234,127.6796772,2020-12-01,영동군
양산면_전천후게이트볼장,양산면 전천후게이트볼장,기타,연중무휴,9:00,18:00,9:00,18:00,N,,,,,50,975,,,,충청북도 영동군 양산면 송호로29,,충청북도 영동군청,시설사업소,043-740-5994,www.yd21.go.kr/html/refo/lylh/lylh_100415.html,36.12668108,127.6688388,2020-12-01,영동군
심천면(심천)_전천후게이트볼장,심천면 전천후게이트볼장,기타,연중무휴,9:00,18:00,9:00,18:00,N,,,,,50,432,,,,충청북도 영동군 심천면 초강리 385,,충청북도 영동군청,시설사업소,043-740-5994,www.yd21.go.kr/html/refo/lylh/lylh_100416.html,36.02009871,127.7668065,2020-12-01,영동군
심천면(초강) _전천후게이트볼장,심천면 전천후게이트볼장,기타,연중무휴,9:00,18:00,9:00,18:00,N,,,,,50,432,,,,충청북도 영동군 심천면 심천리 219,,충청북도 영동군청,시설사업소,043-740-5994,www.yd21.go.kr/html/refo/lylh/lylh_100417.html,36.02009871,127.7668065,2020-12-01,영동군
레인보우영동연수원_다목적실,레인보우영동연수원,기타,법정공휴일,9:00,18:00,9:00,18:00,Y,9,50000,,,132,183.16,교육시설,"방문,전화",rainbowtraining.kr/sub03_01_01,충청북도 영동군 양강면 구강길 65,,충청북도 영동군청,가족행복과,043-740-3772,rainbowtraining.kr,36.1550229,127.7029536,2020-12-01,영동군
레인보우영동연수원_대강의실,레인보우영동연수원,기타,법정공휴일,9:00,18:00,9:00,18:00,Y,9,30000,,,100,95.24,교육시설,"방문,전화",rainbowtraining.kr/sub03_01_02,충청북도 영동군 양강면 구강길 65,,충청북도 영동군청,가족행복과,043-740-3772,rainbowtraining.kr,36.1550229,127.7029536,2020-12-01,영동군
레인보우영동연수원_중강의실,레인보우영동연수원,기타,법정공휴일,9:00,18:00,9:00,18:00,Y,9,30000,,,50,71.42,교육시설,"방문,전화",rainbowtraining.kr/sub03_01_03,충청북도 영동군 양강면 구강길 65,,충청북도 영동군청,가족행복과,043-740-3772,rainbowtraining.kr,36.1550229,127.7029536,2020-12-01,영동군
레인보우영동연수원_토론실,레인보우영동연수원,회의실,법정공휴일,9:00,18:00,9:00,18:00,Y,9,20000,,,8,23.81,교육시설,"방문,전화",rainbowtraining.kr/sub03_01_04,충청북도 영동군 양강면 구강길 65,,충청북도 영동군청,가족행복과,043-740-3772,rainbowtraining.kr,36.1550229,127.7029536,2020-12-01,영동군
레인보우영동도서관_전시실,레인보우영동도서관,기타,"매주 금요일,법정공휴일",9:00,18:00,9:00,18:00,Y,9,80000,,,120,232,문화시설,"방문,전화",www.rainbowlib.go.kr,충청북도 영동군 영동읍 계산로2길 25,,충청북도 영동군청,가족행복과,043-743-9603,www.rainbowlib.go.kr,36.17275145,127.7777922,2020-12-01,영동군
영동군_청소년수련관_체육관,영동군_청소년수련관,다목적경기장,"매주월요일,공휴일(일요일제외)",9:00,21:00,9:00,18:00,Y,,50000,1,6250,550,2497.89,운동시설,"방문,전화",,충청북도 영동군 영동읍 성안길 8,,충청북도 영동군청,가족행복과,043-740-3763,www.yd21.go.kr,36.1765215,127.7712213,2020-12-01,영동군
영동군_청소년수련관_상담실,영동군_청소년수련관,기타,"매주월요일,공휴일(일요일제외)",9:00,21:00,9:00,18:00,N,,,,,6,22.95,사무실,"방문,전화",,충청북도 영동군 영동읍 성안길 8,,충청북도 영동군청,가족행복과,043-740-3763,www.yd21.go.kr,36.1765215,127.7712213,2020-12-01,영동군
영동군_청소년수련관_AV감상실,영동군_청소년수련관,기타,"매주월요일,공휴일(일요일제외)",9:00,21:00,9:00,18:00,N,,,,,15,64,문화시설,"방문,전화",,충청북도 영동군 영동읍 성안길 8,,충청북도 영동군청,가족행복과,043-740-3763,www.yd21.go.kr,36.1765215,127.7712213,2020-12-01,영동군
영동군_청소년수련관_노래연습실,영동군_청소년수련관,기타,"매주월요일,공휴일(일요일제외)",9:00,21:00,9:00,18:00,N,,,,,10,40,문화시설,"방문,전화",,충청북도 영동군 영동읍 성안길 8,,충청북도 영동군청,가족행복과,043-740-3763,www.yd21.go.kr,36.1765215,127.7712213,2020-12-01,영동군
영동군_청소년수련관_포켓볼장,영동군_청소년수련관,기타,"매주월요일,공휴일(일요일제외)",9:00,21:00,9:00,18:00,N,,,,,4,80,문화시설,"방문,전화",,충청북도 영동군 영동읍 성안길 8,,충청북도 영동군청,가족행복과,043-740-3763,www.yd21.go.kr,36.1765215,127.7712213,2020-12-01,영동군
영동군_여성회관_예식장,영동군_여성회관,기타,연중무휴,9:00,18:00,9:00,18:00,Y,2,100000,,,120,240,문화시설,"방문,전화",,충청북도 영동군 영동읍 성안길 8,,충청북도 영동군청,가족행복과,043-740-3888,www.yd21.go.kr,36.1765215,127.7712213,2020-12-01,영동군
영동군 여성회관_폐백실,영동군_여성회관,기타,연중무휴,9:00,18:00,9:00,18:00,Y,2,40000,,,20,59,문화시설,"방문,전화",,충청북도 영동군 영동읍 성안길 8,,충청북도 영동군청,가족행복과,043-740-3888,www.yd21.go.kr,36.1765215,127.7712213,2020-12-01,영동군
영동군 여성회관_식당,영동군_여성회관,기타,연중무휴,9:00,18:00,9:00,18:00,Y,2,80000,,,192,240,문화시설,"방문,전화",,충청북도 영동군 영동읍 성안길 8,,충청북도 영동군청,가족행복과,043-740-3888,www.yd21.go.kr,36.1765215,127.7712213,2020-12-01,영동군
영동군 여성회관_교육장,영동군_여성회관,기타,연중무휴,9:00,18:00,9:00,18:00,Y,4,30000,,,50,80,문화시설,"방문,전화",,충청북도 영동군 영동읍 성안길 8,,충청북도 영동군청,가족행복과,043-740-3888,www.yd21.go.kr,36.1765215,127.7712213,2020-12-01,영동군
레인보우영동도서관_어린이자료실,레인보우영동도서관,기타,"매주 금요일,법정공휴일",9:00,18:00,9:00,18:00,N,,,,,80,217,문화시설,,www.rainbowlib.go.kr,충청북도 영동군 영동읍 계산로2길 25,,충청북도 영동군청,가족행복과,043-743-9603,www.rainbowlib.go.kr,36.17275145,127.7777922,2020-12-01,영동군
레인보우영동도서관_일반자료실,레인보우영동도서관,기타,"매주 금요일,법정공휴일",9:00,22:00,9:00,18:00,N,,,,,71,217,문화시설,,www.rainbowlib.go.kr,충청북도 영동군 영동읍 계산로2길 25,,충청북도 영동군청,가족행복과,043-743-9603,www.rainbowlib.go.kr,36.17275145,127.7777922,2020-12-01,영동군
레인보우영동도서관_열람실,레인보우영동도서관,기타,"매주 금요일,법정공휴일",9:00,22:00,9:00,22:00,N,,,,,30,100,문화시설,,www.rainbowlib.go.kr,충청북도 영동군 영동읍 계산로2길 25,,충청북도 영동군청,가족행복과,043-743-9603,www.rainbowlib.go.kr,36.17275145,127.7777922,2020-12-01,영동군
레인보우영동도서관_디지털자료실,레인보우영동도서관,기타,"매주 금요일,법정공휴일",9:00,18:00,9:00,18:00,N,,,,,40,185,문화시설,,www.rainbowlib.go.kr,충청북도 영동군 영동읍 계산로2길 25,,충청북도 영동군청,가족행복과,043-743-9603,www.rainbowlib.go.kr,36.17275145,127.7777922,2020-12-01,영동군
괴산종합운동장,괴산종합운동장,다목적경기장,"주말, 법적공휴일",6:00,22:00,9:00,18:00,Y,3,75000,1,22500,6500,7480,,"방문, 팩스",,충청북도 괴산군 괴산읍 동진천길 197,,충청북도 괴산군청,시설사업소,043-830-3810,,36.8123053,127.7864347,2020-06-21,괴산군
문화체육센터 체육관,문화체육센터,체육관,"주말, 법적공휴일",6:00,22:00,9:00,18:00,Y,3,65000,1,19500,3000,1294,의자 500,"방문, 팩스",,충청북도 괴산군 괴산읍 임꺽정로 99-9,,충청북도 괴산군청,시설사업소,043-830-3830,,36.8137979,127.786007,2020-06-21,괴산군
국민체육센터 체육관,국민체육센터,체육관,"일요일, 법적공휴일",6:00,22:00,9:00,18:00,Y,3,65000,1,19500,,1336,의자 300,"방문, 팩스",,충청북도 괴산군 괴산읍 임꺽정로 113,,충청북도 괴산군청,시설사업소,043-830-2696,,36.8146933,127.783476,2020-06-21,괴산군
괴산전천후게이트볼장,괴산전천후게이트볼장,기타,없음,6:00,22:00,9:00,18:00,Y,3,30000,1,9000,,320,,"방문, 팩스",,충청북도 괴산군 괴산읍 동진천길 213,,충청북도 괴산군청,시설사업소,043-830-3831,,36.8122588,127.7851369,2020-06-21,괴산군
국궁장 궁도장,국궁장,기타,없음,6:00,22:00,9:00,18:00,Y,3,30000,1,9000,,396,,"방문, 팩스",,충청북도 괴산군 괴산읍 임꺽정로 75,,충청북도 괴산군청,시설사업소,043-830-3810,,36.81344157,127.7885377,2020-06-21,괴산군
괴산종합운동장,괴산종합운동장,다목적경기장,"주말, 법적공휴일",6:00,22:00,9:00,18:00,Y,3,75000,1,22500,6500,7480,,"방문, 팩스",,충청북도 괴산군 괴산읍 동진천길 197,,충청북도 괴산군청,시설사업소,043-830-3810,,36.8123053,127.7864347,2020-06-21,괴산군
문화체육센터 체육관,문화체육센터,체육관,"주말, 법적공휴일",6:00,22:00,9:00,18:00,Y,3,65000,1,19500,3000,1294,의자 500,"방문, 팩스",,충청북도 괴산군 괴산읍 임꺽정로 99-9,,충청북도 괴산군청,시설사업소,043-830-3830,,36.8137979,127.786007,2020-06-21,괴산군
국민체육센터 체육관,국민체육센터,체육관,"일요일, 법적공휴일",6:00,22:00,9:00,18:00,Y,3,65000,1,19500,,1336,의자 300,"방문, 팩스",,충청북도 괴산군 괴산읍 임꺽정로 113,,충청북도 괴산군청,시설사업소,043-830-2696,,36.8146933,127.783476,2020-06-21,괴산군
괴산전천후게이트볼장,괴산전천후게이트볼장,기타,없음,6:00,22:00,9:00,18:00,Y,3,30000,1,9000,,320,,"방문, 팩스",,충청북도 괴산군 괴산읍 동진천길 213,,충청북도 괴산군청,시설사업소,043-830-3831,,36.8122588,127.7851369,2020-06-21,괴산군
국궁장 궁도장,국궁장,기타,없음,6:00,22:00,9:00,18:00,Y,3,30000,1,9000,,396,,"방문, 팩스",,충청북도 괴산군 괴산읍 임꺽정로 75,,충청북도 괴산군청,시설사업소,043-830-3810,,36.81344157,127.7885377,2020-06-21,괴산군
청주유도회관,청주유도회관,기타,연중무휴,5:00,22:00,5:00,22:00,Y,,,,,,,,,,충청북도 청주시 상당구 1순환로1514번길 70(용정동 241외3),,충북유도회,,,,36.62690625,127.5242862,2020-07-17,청주시
충북스포츠센터,충북스포츠센터,체육관,연중무휴,5:00,22:00,5:00,22:00,Y,,,,,,,,,,충청북도 청주시 서원구 흥덕로 37(사직동808-6외7),,충청북도,,,,36.63877763,127.4721571,2020-07-17,청주시
국제테니스장,국제테니스장,테니스장,연중무휴,5:00,22:00,5:00,22:00,Y,,,,,,,,,,충청북도 청주시 상당구 호미로242 (금천동 327),,청주시체육회,,,,36.62914684,127.5130182,2020-07-17,청주시
청주정구장(솔밭),청주정구장(솔밭),기타,연중무휴,5:00,22:00,5:00,22:00,Y,,,,,,,,,,충청북도 청주시 흥덕구 대신로 157 (송정동산140-61),,충북정구연맹,,,,36.64662578,127.4349393,2020-07-17,청주시
실내수영장,실내수영장,기타,연중무휴,5:00,22:00,5:00,22:00,Y,,,,,,,,,,충청북도 청주시 서원구 흥덕로 69 (사직1동 788외 1),,시설관리공단,,,,36.64209999,127.469677,2020-07-17,청주시
"올림픽기념관,     국민생활관","올림픽기념관,국민생활관",체육관,연중무휴,5:00,22:00,5:00,22:00,Y,,,,,,,,,,충청북도 청주시 서원구 흥덕로 69 (사직1동 788외 1),,시설관리공단,,,,36.64209999,127.469677,2020-07-17,청주시
청주롤러스케이트장,청주롤러스케이트장,기타,연중무휴,5:00,22:00,5:00,22:00,Y,,,,,,,,,,충청북도 청주시 서원구 흥덕로 69 (사직1동 788외 1),,시설관리공단,,,,36.64209999,127.469677,2020-07-17,청주시
김수녕양궁장,김수녕양궁장,기타,연중무휴,5:00,22:00,5:00,22:00,Y,,,,,,,,,,충청북도 청주시 상당구 1순환로1514번길 89 (용정동 252외 28),,시설관리공단,,,,36.6265125,127.5269309,2020-07-17,청주시
용정축구공원,용정축구공원,축구장,연중무휴,5:00,22:00,5:00,22:00,Y,,,,,,,,,,충청북도 청주시 상당구 1순환로1594번길 42 (용정동 460외),,시설관리공단,,,,36.63473344,127.5172772,2020-07-17,청주시
청주국궁장,청주국궁장,기타,연중무휴,5:00,22:00,5:00,22:00,Y,,,,,,,,,,충청북도 청주시 상당구 우암산로114 (수동 산4-56),,청주국궁협회,,,,36.64450966,127.495899,2020-07-17,청주시
"배드민턴, 태권도체육관","배드민턴, 태권도체육관",기타,연중무휴,5:00,22:00,5:00,22:00,Y,,,,,,,,,,충청북도 청주시 서원구 사직대로 229 (사직1동 808),,시설관리공단,,,,36.63785774,127.4723438,2020-07-17,청주시
청주흥덕지구축구공원,청주흥덕지구축구공원,축구장,연중무휴,5:00,22:00,5:00,22:00,Y,,,,,,,,,,충청북도 청주시 흥덕구 휴암동 산65-1번지,,시설관리공단,,,,36.613479,127.4145255,2020-07-17,청주시
내수공설운동장,내수공설운동장,기타,연중무휴,5:00,22:00,5:00,22:00,Y,,,,,,,,,,충청북도 청주시 청원구 내수읍 도원세교로 343 (내수읍 덕암리 8-2),,시설관리공단,,,,36.69572867,127.5572083,2020-07-17,청주시
내수국궁장(약수정),내수국궁장(약수정),기타,연중무휴,5:00,22:00,5:00,22:00,Y,,,,,,,,,,충청북도 청주시 청원구 내수읍 도원세교로 356,,시설관리공단,,,,36.69590951,127.5586151,2020-07-17,청주시
가덕생활체육공원,가덕생활체육공원,기타,연중무휴,5:00,22:00,5:00,22:00,Y,,,,,,,,,,충청북도 청주시 상당구 가덕면 인차3길 51-2,,시설관리공단,,,,36.56198883,127.5576092,2020-07-17,청주시
청주종합사격장,청주종합사격장,기타,연중무휴,5:00,22:00,5:00,22:00,Y,,,,,,,,,,충청북도 청주시 청원구 내수읍 도원세교로 369,,시설관리공단,,,,36.69772777,127.55904,2020-07-17,청주시
내수국민체육센터,내수국민체육센터,체육관,연중무휴,5:00,22:00,5:00,22:00,Y,,,,,,,,,,충청북도 청주시 청원구 내수읍 청암로 91-4,,학교법인 주성학원,,,,36.72555442,127.5402518,2020-07-17,청주시
남궁유도회관,남궁유도회관,기타,연중무휴,5:00,22:00,5:00,22:00,Y,,,,,,,,,,충청북도 청주시 서원구 흥덕로 55 (사직동 808),,충북유도회,,,,36.64011419,127.4714272,2020-07-17,청주시
청주시립미술관,청주시립미술관,전시실,매주 월요일,10:00,19:00,10:00,19:00,Y,,1000,,,,,,,,충청북도 청주시 서원구 충렬로18번길 50,,청주시청,청주시립미술관,043-201-2649,www.cmoa.or.kr,36.63471608,127.4782998,2020-07-17,청주시
예술의전당,대전시실,전시실,"월요일, 설, 추석",9:00,22:00,9:00,22:00,Y,13,179560,,,200,898,냉방+난방,인터넷,,충청북도 청주시 서원구 흥덕로69 (사직동755),,충청북도 청주시청,문화체육관광국,043-201-2306,http://ac.cheongju.go.kr,36.64209999,127.469677,2020-07-17,청주시
예술의전당,대공연장,기타,"월요일, 설, 추석",8:00,22:00,8:00,22:00,Y,4,250000,10,10000,1493,6156,피아노+무대시설+음향+녹음+조명+영사기+냉방+난방,인터넷,,충청북도 청주시 서원구 흥덕로69 (사직동755),,충청북도 청주시청,문화체육관광국,043-201-2306,http://ac.cheongju.go.kr,36.64209999,127.469677,2020-07-17,청주시
예술의전당,대회의실,회의실,"월요일, 설, 추석",8:00,22:00,8:00,22:00,Y,5,140000,,,100,464,음향+냉방+난방+빔프로잭트,인터넷,,충청북도 청주시 서원구 흥덕로69 (사직동755),,충청북도 청주시청,문화체육관광국,043-201-2306,http://ac.cheongju.go.kr,36.64209999,127.469677,2020-07-17,청주시
예술의전당,소1전시실,전시실,"월요일, 설, 추석",9:00,22:00,9:00,22:00,Y,13,62200,,,120,311,냉방+난방,인터넷,,충청북도 청주시 서원구 흥덕로69 (사직동755),,충청북도 청주시청,문화체육관광국,043-201-2306,http://ac.cheongju.go.kr,36.64209999,127.469677,2020-07-17,청주시
예술의전당,소2전시실,전시실,"월요일, 설, 추석",9:00,22:00,9:00,22:00,Y,13,62200,,,120,311,냉방+난방,인터넷,,충청북도 청주시 서원구 흥덕로69 (사직동755),,충청북도 청주시청,문화체육관광국,043-201-2306,http://ac.cheongju.go.kr,36.64209999,127.469677,2020-07-17,청주시
예술의전당,소공연장,기타,"월요일, 설, 추석",8:00,22:00,8:00,22:00,Y,4,90000,10,5000,232,1506,피아노+무대시설+음향+녹음+조명+영사기+냉방+난방,인터넷,,충청북도 청주시 서원구 흥덕로69 (사직동755),,충청북도 청주시청,문화체육관광국,043-201-2306,http://ac.cheongju.go.kr,36.64209999,127.469677,2020-07-17,청주시
청주문화관,제1전시실,전시실,"월요일, 설, 추석",9:00,22:00,9:00,22:00,Y,13,20740,,,50,122,냉방+난방,인터넷,,충청북도 청주시 서원구 흥덕로69 (사직동755),,충청북도 청주시청,문화체육관광국,043-201-2306,http://ac.cheongju.go.kr,36.64209999,127.469677,2020-07-17,청주시
청주문화관,제3전시실,전시실,"월요일, 설, 추석",9:00,22:00,9:00,22:00,Y,13,36070,,,80,212,냉방+난방,인터넷,,충청북도 청주시 서원구 흥덕로69 (사직동755),,충청북도 청주시청,문화체육관광국,043-201-2306,http://ac.cheongju.go.kr,36.64209999,127.469677,2020-07-17,청주시
청주문화관,제4전시실,전시실,"월요일, 설, 추석",9:00,22:00,9:00,22:00,Y,13,32110,,,70,189,냉방+난방,인터넷,,충청북도 청주시 서원구 흥덕로69 (사직동755),,충청북도 청주시청,문화체육관광국,043-201-2306,http://ac.cheongju.go.kr,36.64209999,127.469677,2020-07-17,청주시
청주아트홀,청주아트홀,기타,"월요일, 설, 추석",8:00,22:00,8:00,22:00,Y,4,130000,10,7000,702,3001,피아노+무대시설+음향+녹음+조명+영사기+냉방+난방,인터넷,,충청북도 청주시 서원구 흥덕로69 (사직동755),,충청북도 청주시청,문화체육관광국,043-201-2306,http://ac.cheongju.go.kr,36.64209999,127.469677,2020-07-17,청주시
하수처리과,테니스장,테니스장,없음,8:00,22:00,8:00,22:00,Y,2,5000,2,5000,30,528,,전화,http://www.cheongju.go.kr/environment/images/contents/cts_644_img_2.jpg,충청북도 청주시 흥덕구 옥산면 미호로 555,,충청북도 청주시청,환경관리본부,043-201-4802,http://www.cheongju.go.kr/environment/contents.do?key=644,36.66570358,127.3937448,2020-07-17,청주시
하수처리과,족구장,족구장,없음,8:00,22:00,8:00,22:00,N,,,,,50,908,,전화,http://www.cheongju.go.kr/environment/images/contents/cts_644_img_2.jpg,충청북도 청주시 흥덕구 옥산면 미호로 555,,충청북도 청주시청,환경관리본부,043-201-4802,http://www.cheongju.go.kr/environment/contents.do?key=644,36.66570358,127.3937448,2020-07-17,청주시
하수처리과,풋살장,풋살경기장,없음,8:00,22:00,8:00,22:00,Y,1,10000,1,10000,100,1600,,전화,http://www.cheongju.go.kr/environment/images/contents/cts_644_img_2.jpg,충청북도 청주시 흥덕구 옥산면 미호로 555,,충청북도 청주시청,환경관리본부,043-201-4802,http://www.cheongju.go.kr/environment/contents.do?key=644,36.66570358,127.3937448,2020-07-17,청주시
하수처리과,다목적구장,다목적경기장,없음,8:00,22:00,8:00,22:00,N,,,,,1500,4275,데크10개+테이블+의자10개,전화,http://www.cheongju.go.kr/environment/images/contents/cts_644_img.jpg,충청북도 청주시 흥덕구 옥산면 미호로 555,,충청북도 청주시청,환경관리본부,043-201-4802,http://www.cheongju.go.kr/environment/contents.do?key=644,36.66570358,127.3937448,2020-07-17,청주시
종합경기장,종합경기장,다목적경기장,연중무휴,5:00,22:00,5:00,22:00,Y,,,,,,,,,,충청북도 청주시 서원구 사직대로229 (사직동 808),,청주시,,,,36.63785774,127.4723438,2020-07-17,청주시
청주체육관,청주체육관,체육관,연중무휴,5:00,22:00,5:00,22:00,Y,,,,,,,,,,충청북도 청주시 서원구 사직대로229 (사직동 119-1),,청주시,,,,36.63785774,127.4723438,2020-07-17,청주시
청주야구장,청주야구장,야구장,연중무휴,5:00,22:00,5:00,22:00,Y,,,,,,,,,,충청북도 청주시 서원구 사직대로229 (사직동 808),,청주시,,,,36.63785774,127.4723438,2020-07-17,청주시
오창양궁연습장,오창양궁연습장,기타,연중무휴,5:00,22:00,5:00,22:00,Y,,,,,,,,,,충청북도 청주시 청원구 오창읍 양청5길 48,,청주시,,,,36.7130067,127.4283122,2020-07-17,청주시
장애인스포츠센터,장애인스포츠센터,체육관,연중무휴,5:00,22:00,5:00,22:00,Y,,,,,,,,,,충청북도 청주시 청원구 사천로18번길 81 (사천동 89-3외 7),,청주시장애인체육회,,,,36.67873881,127.478062,2020-07-17,청주시
문화체육회관,제2전시실,전시실,"월요일, 설, 추석",9:00,22:00,9:00,22:00,Y,13,18270,,,50,108,냉방+난방,인터넷,,충청북도 청주시 서원구 흥덕로69 (사직동755),,충청북도 청주시청,문화체육관광국,043-201-2306,http://ac.cheongju.go.kr,36.64209999,127.469677,2020-07-17,청주시
상당구청사,공연장,기타,연중무휴,9:00,22:00,9:00,18:00,Y,1,20000,1,20000,270,414,냉방+난방+조명+음향+영상,신청서,,충청북도 청주시 상당구 남일면 단재로 466 (효촌리 92-2),,청주시 상당구청,상당구청 행정지원과,043-201-5054,,36.58974701,127.5051362,2020-07-17,청주시
상당구청사,체육관,체육관,연중무휴,9:00,22:00,9:00,18:00,Y,1,15000,1,15000,500,864,냉방+난방+조명+음향,신청서,,충청북도 청주시 상당구 남일면 단재로 466 (효촌리 92-2),,청주시 상당구청,상당구청 행정지원과,043-201-5054,,36.58974701,127.5051362,2020-07-17,청주시
증평국민체육센터,증평국민체육센터,체육관,"격주,공휴일",6:00,21:00,6:00,18:00,Y,,"수영(어른: 월75,000원, 어린이: 월50,000원/ 헬스(어른: 월50,000원, 어린이: 월40,000원)",,,200,1896,수영장 및 헬스장,방문,,충청북도 증평군 증평읍 인삼로 23-1,충청북도 증평군 증평읍 송산리 1043,증평군,시설관리사업소,043-838-9472,http://new.jp.go.kr/facility.do,36.787779,127.5724295,2020-07-09,증평군
증평실내체육관,증평실내체육관,체육관,법정공휴일,6:00,20:30,9:00,22:30,N,8,무료,,,300,2792,체육기구,방문,,충청북도 증평군 증평읍 광장로152,충청북도 증평군 증평읍 증평리 479,증평군,시설관리사업소,043-835-3983,http://new.jp.go.kr/facility.do,36.78338766,127.587341,2020-07-09,증평군
증평종합스포츠센터,증평종합스포츠센터,체육관,"법정공휴일, 주말",9:00,18:00,9:00,18:00,Y,8,"체육행사 : 6,0000원~/기타행사 : 150,000원",,,1350,4747,,서면신청,,충청북도 증평군 증평읍 인삼로 23,충청북도 증평군 증평읍 송산리 253,증평군,시설관리사업소,043-835-3661,http://new.jp.go.kr/facility.do,36.7873339,127.5728082,2020-07-09,증평군
증평문화회관,증평문화회관,강당,"법정공휴일, 주말",9:00,22:00,9:00,22:00,Y,0,"1일(09:00~22:00):120,000원,오전(09:00~13:00):40,000원,오후(13:00~18:00):50,000원,야간(18:00~22:00):60,000원",0.5,20,492,3306,,"방문, 전화",,충청북도 증평군 증평읍 삼보로28,충청북도 증평군 증평읍 연탄리239,증평군,시설관리사업소,043-835-4115,http://new.jp.go.kr/facility.do,36.78599564,127.5699246,2020-07-09,증평군
증평생활체육관,증평생활체육관,체육관,"법정공휴일, 일요일",9:00,22:00,9:00,22:00,N,13,무료,,,300,3721,체육관 및 탁구장,방문,,충청북도 증평군 증평읍 송산로 18,충청북도 증평군 증평읍 연탄리 216,증평군,시설관리사업소,043-835-4750,http://new.jp.go.kr/facility.do,36.78868991,127.5718088,2020-07-09,증평군
연병호항일 기념관,도안면 산정길 5,전시실,월요일,9:00,18:00,9:00,18:00,N,,무료,,,,155,사무실및 전시관,-,-,충청북도 증평군 도안면 산정길5,충청북도 증평군 도안면 석곡리571,증평군,시설관리사업소,043-835-4764,http://new.jp.go.kr/facility.do,36.82942628,127.6200877,2020-07-09,증평군
연병호항일 역사공원,도안면 산정길 5,기타,없음,0:00,24:00:00,0:00,24:00:00,N,,무료,,,,30304,생가및 조형물,-,-,충청북도 증평군 도안면 산정길5,충청북도 증평군 도안면 석곡리571,증평군,시설관리사업소,043-835-4764,http://new.jp.go.kr/facility.do,36.82942628,127.6200877,2020-07-09,증평군
연재근공원,도안면 화설이437번지,기타,없음,0:00,24:00:00,0:00,24:00:00,N,,무료,,,,7799,장갑차1대,-,-,,충청북도 증평군 도안면 화성리437,증평군,시설관리사업소,043-835-4764,http://new.jp.go.kr/facility.do,36.815428,127.609745,2020-07-09,증평군
호암체육관,호암체육관,체육관,"설, 추석",6:00,22:00,6:00,22:00,Y,2,3000,1,1500,2950,5871,음향+냉난방+조명+행사용테이블+의자700개 등,전화+인터넷,https://www.chungju.go.kr/DATA/bbs/173/20181029105521352obA.jpg,충청북도 충주시 중원대로 3306(호암동),,충청북도 충주시청,충주시시설관리공단,043-870-7832,,36.96194862,127.9264214,2020-11-30,충주시
호암예술관,호암예술관,강당,"설, 추석",9:00,22:00,9:00,22:00,Y,4,50000,4,50000,302,889,음향+피아노+마이크+조명+빔프로젝터+테이블6개+의자30개 등,인터넷,https://www.chungju.go.kr/DATA/OLD_TOUR/tourinfo/file/20160929145344_00c8b5wuyhzodyviletue8awpsczrl.jpg,충청북도 충주시 중원대로 3306(호암동),,충청북도 충주시청,충주시시설관리공단,043-870-7832,,36.96194862,127.9264214,2020-11-30,충주시
국민체육센터,국민체육센터,다목적경기장,"두번째 수요일, 네번째 일요일, 신정, 설연휴, 추석연휴",6:00,21:00,10:00,18:00,Y,2,5000,1,2500,300,3733,,방문,http://chungju.grandculture.net/Contents/MediaPop?local=chungju&localCode=GC019&dataType=04&contents_id=GC01902360&nowNum=8,충청북도 충주시 중원대로 3306(호암동),,충청북도 충주시청,충주시시설관리공단,043-870-7848,http://www.cjfmc.or.kr,36.96194862,127.9264214,2020-11-30,충주시
호암제2체육관,호암제2체육관,다목적경기장,"설, 추석",6:00,22:00,6:00,22:00,Y,2,3000,1,1500,2200,5054,음향+냉난방+조명+행사용테이블+의자 등,전화+인터넷,https://www.cjfmc.or.kr/DATA/spce/SPCIMG/p/p_201811120500060730.jpg,충청북도 충주시 중원대로 3306(호암동),,충청북도 충주시청,충주시시설관리공단,043-870-7832,http://www.cjfmc.or.kr,36.96194862,127.9264214,2020-11-30,충주시
수안보생활체육공원,수안보생활체육공원,다목적경기장,"설, 추석",9:00,18:00,9:00,18:00,N,,0,0,0,500,6122,,전화,https://www.chungju.go.kr/tour/selectBbsNttView.do?key=1269&bbsNo=171&nttNo=199233,,충청북도 충주시 수안보면 안보리 409-6,충청북도 충주시청,체육진흥과,043-850-3904,http://www.cjfmc.or.kr,36.83937237,128.0068149,2020-11-30,충주시
수안보인공암벽장,수안보인공암벽장,기타,"설, 추석",18:00,21:00,9:00,18:00,Y,8,1000,0,0,300,343,,방문,https://korean.visitkorea.or.kr/detail/ms_detail.do?cotid=129fdf63-bafc-4227-be7c-12429cce29fa,충청북도 충주시 수안보면 수안보로 129,,충청북도 충주시청,체육진흥과,043-850-3904,,36.84227395,127.9984117,2020-11-30,충주시
탄금대궁도장,탄금대궁도장,기타,연중무휴,9:00,18:00,9:00,18:00,Y,2,1000,1,500,50,4550,,방문,http://chungju.grandculture.net/Contents/MediaPop?local=chungju&dataType=04&contents_id=GC01903209&nowNum=1,충청북도 충주시 탄금대안길 105,,충청북도 충주시청,체육진흥과,043-850-3904,,36.98825212,127.898291,2020-11-30,충주시
충주공설운동장,충주공설운동장,다목적경기장,"설, 추석",9:00,22:00,9:00,18:00,Y,2,150000,1,85000,15000,6237,전광판+조명탑+씨름판1면+투포환장1면+육상트랙 8주로,인터넷,http://chungju.grandculture.net/Contents?local=chungju&dataType=01&contents_id=GC01902370,충청북도 충주시 예성로 266(교현동),,충청북도 충주시청,체육진흥과,043-850-3905,,36.98169208,127.9365803,2020-11-30,충주시
충주체육관,충주체육관,다목적경기장,"설, 추석",9:00,22:00,9:00,18:00,Y,2,3000,1,1500,4398,5382,이동식의자+전광판+무대버튼+냉난방,인터넷,https://www.chungju.go.kr/DATA/OLD_TOUR/tourinfo/file/20160929145346_00p8cwvoqghpesghh2jci6ck4puhmw.png,충청북도 충주시 예성로 266(연수동),,충청북도 충주시청,체육진흥과,043-850-3905,http://www.cjfmc.or.kr,36.98169209,127.9365251,2020-11-30,충주시
탄금축구장,탄금축구장,축구장,"설, 추석",9:00,23:00,9:00,23:00,Y,2,40000,1,20000,1000,29575,조명탑,전화,https://www.chungju.go.kr/DATA/OLD_TOUR/tourinfo/file/20161216134326_0090ew5oucumkavcjekrwsmo4euacm.png,충청북도 충주시 남한강로 8,,충청북도 충주시청,체육진흥과,043-870-7832,http://www.cjfa.kr/,36.9865568,127.9046375,2020-11-30,충주시
탄금테니스장,탄금테니스장,테니스장,연중무휴,9:00,18:00,9:00,18:00,Y,2,1500,1,850,200,24927,,전화,https://www.chungju.go.kr/DATA/OLD_TOUR/tourinfo/file/20160929145346_00jhoii275k3lx7bn9apekr85vqql6.png,충청북도 충주시 낙수당 2길 8,,충청북도 충주시청,체육진흥과,043-870-7832,http://www.cjfmc.or.kr,36.98482687,127.904626,2020-11-30,충주시
탄금야구장,탄금야구장,야구장,"설, 추석",9:00,18:00,9:00,18:00,Y,2,10000,1,5000,50,14185,,전화,https://www.chungju.go.kr/DATA/OLD_TOUR/tourinfo/file/20161216134341_00er9jbbwog3y65fgfw2ctnq1i1g5b.png,충청북도 충주시 낙수당 1길 31,,충청북도 충주시청,체육진흥과,043-850-3904,http://cafe.naver.com/chungjubaseball/,36.98347214,127.9021974,2020-11-30,충주시
탄금풋살장,탄금풋살장,풋살경기장,"설, 추석",9:00,23:00,9:00,23:00,Y,2,10000,1,5000,300,3000,조명탑,전화,,충청북도 충주시 남한강로 8,,충청북도 충주시청,체육진흥과,043-870-7832,https://blog.naver.com/tg_fsclub,36.9865568,127.9046375,2020-11-30,충주시
시민의광장,시민의광장,다목적경기장,연중무휴,9:00,22:00,9:00,22:00,N,,0,0,0,15000,23907,족구장 2면+씨름장 1면,방문,https://www.chungju.go.kr/DATA/OLD_TOUR/tourinfo/file/20160929145346_008v65ya2qcqtviqem7h0q6jkzoffj.png,충청북도 충주시 낙수당 2길 8,,충청북도 충주시청,체육진흥과,043-850-3904,https://www.chungju.go.kr/tour,36.98482687,127.904626,2020-11-30,충주시
장애인론볼장및테니스장,장애인론볼장및테니스장,다목적경기장,"설, 추석",9:00,18:00,9:00,18:00,Y,,0,0,0,300,19054,론볼장1+테니스장1,전화,https://www.chungju.go.kr/DATA/OLD_TOUR/tourinfo/file/20160929145346_00m7irywkqzpan06gn0kh7swyju6u9.png,충청북도 충주시 창현로 1400(용관동),,충청북도 충주시청,체육진흥과,043-850-3904,https://www.chungju.go.kr/tour,36.95800444,127.884992,2020-11-30,충주시
충주요트장,충주요트장,기타,"설, 추석",9:00,18:00,9:00,18:00,Y,,0,0,0,200,514,,전화,,충청북도 충주시 동량면 지등로 1604,,충청북도 충주시청,체육진흥과,043-850-3904,,36.96798516,128.0400724,2020-11-30,충주시
중원체육공원,중원체육공원,다목적경기장,연중무휴,9:00,18:00,9:00,18:00,Y,8,"40,000~80,000",0,0,500,14492,,전화,https://www.chungju.go.kr/DATA/OLD_TOUR/tourinfo/file/20160929145346_00u8w4zncnzmoaczdfmk4h2wuzoy5t.png,,충청북도 충주시 중앙탑면 탑평리 196-5,충청북도 충주시청,중앙탑면,043-850-2373,https://www.chungju.go.kr/tour,37.030698,127.8568602,2020-11-30,충주시
삼탄잔디구장,삼탄잔디구장,다목적경기장,연중무휴,9:00,18:00,9:00,18:00,Y,8,40000,0,0,1000,19830,천연잔디구장1식,전화,http://chungju.grandculture.net/Contents/MediaPop?local=chungju&localCode=GC019&dataType=04&contents_id=GC01902360&nowNum=2,,충청북도 충주시 산척면 명서리 477-1,충청북도 충주시청,산척면사무소,043-850-2403,,37.0308245,127.8576279,2020-11-30,충주시
충주종합운동장,충주종합운동장,다목적경기장,"설, 추석",9:00,22:00,9:00,18:00,Y,2,150000,1,85000,15000,6237,전광판+조명탑+씨름판1면+투포환장1면+육상트랙 8주로,인터넷,https://www.chungju.go.kr/DATA/OLD_TOUR/tourinfo/file/20160929145345_00wtdmcidg1ifdf5cjdi1n8m83phlz.png,충청북도 충주시 대림로 85(호암동),,충청북도 충주시청,체육진흥과,043-850-3905,https://www.chungju.go.kr/tour,36.95801874,127.9159004,2020-11-30,충주시
탄금호국제조정경기장,탄금호조정경기장,기타,"설, 추석",9:00,18:00,9:00,18:00,Y,8,70000,0,0,1100,118239,회의실 3개+빔프로젝트 2개+보트하우스 25실,인터넷,http://chungju.grandculture.net/Contents/MediaPop?local=chungju&localCode=GC019&dataType=04&contents_id=GC01903207&nowNum=6,충청북도 충주시 중앙탑면 중앙탑길 124,,충청북도 충주시청,체육진흥과,043-850-2995,,37.01951631,127.8646334,2020-11-30,충주시
조정체험학교,조정체험학교,기타,"설, 추석",9:00,18:00,9:00,18:00,N,,,,,30,882,,인터넷,http://www.cjrowing.kr/,충청북도 충주시 중앙탑면 중앙탑길 150,,충청북도 충주시청,체육진흥과,043-844-3533,http://www.cjrowing.kr/,37.02308256,127.8619229,2020-11-30,충주시
장애인형 국민체육센터,장애인형국민체육센터,기타,"두번째 수요일, 네번째 일요일, 신정, 설, 추선연휴",6:00,21:00,10:00,18:00,Y,4,"150,000~300,000",1,1500,200,5599,유아풀+스파풀+샤워실,방문,,충청북도 충주시 모시래길 105,,충청북도 충주시청,충주시시설관리공단,043-870-7851,http://www.cjfmc.or.kr,36.95914524,127.9114272,2020-11-30,충주시
장애인형 국민체육센터,장애인형국민체육센터,다목적경기장,"두번째 수요일, 네번째 일요일, 신정, 설, 추선연휴",6:00,21:00,10:00,18:00,Y,4,50.000~200.000,1,1500,500,5599,체력단련실+다목적실+실내체육관,방문,,충청북도 충주시 모시래길 105,,충청북도 충주시청,충주시시설관리공단,043-870-7851,http://www.cjfmc.or.kr,36.95914524,127.9114272,2020-11-30,충주시
서충주생활체육공원,서충주생활체육공원,축구장,"설, 추석",9:00,23:00,9:00,23:00,Y,2,40000~80000,1,20000,1000,29575,,전화,,충청북도 충주시 주덕읍 화곡리 1191,,충청북도 충주시청,체육진흥과,043-850-3903,,37.006594,127.814585,2020-11-30,충주시
서충주생활체육공원,서충주생활체육공원,"풋살, 테니스, 농구","설, 추석",9:00,23:00,9:00,23:00,Y,2,5000~20000,1,20000,1000,29575,,전화,,충청북도 충주시 주덕읍 화곡리 1191,,충청북도 충주시청,체육진흥과,043-850-3903,,37.006594,127.814585,2020-11-30,충주시
